ID	nyskol	SK1A	SK1B	SK2A	SK2B	SK3A	SK3B	SK10A	SK10B	SK11A	SK11B	SK100A	SK100B	SK7A	SK7B	SK105A	SK105B
1	171	10	3	6	18	.	.	10	5	.	.	6	.	6	.	.	.
2	171	.	.	.	.	.	.	.	.	.	.	.	.	.	.	.	.
3	171	1	19	.	.	9	.	13	17	.	.	.	.	.	.	9	5
4	171	20	18	17	.	5	9	15	3	9	5	15	1	18	20	9	5
5	171	15	9	.	.	9	.	10	.	15	.	6	.	10	.	9	.
6	171	1	14	1	13	3	14	3	1	.	.	1	13	14	1	1	13
7	171	20	18	17	.	5	9	15	13	9	5	1	15	18	20	9	16
8	171	.	.	.	.	2	12	29	.	.	.	12	.	.	.	2	16
9	171																
10	171	9	5	6	13	9	5	3	15	9	5	6	13	6	14	9	5
11	171	.	.	.	.	.	.	.	.	.	.	.	.	.	.	.	.
12	171	.	.	.	.	.	.	.	.	.	.	.	.	.	.	.	.
13	171	5	9	6	1	9	5	3	15	9	5	11	1	14	6	9	5
14	171	1	19	13	15	9	5	13	17	9	4	13	11	10	1	9	15
15	171	5	4	14	1	9	2	13	3	9	5	1	13	14	10	9	2
16	171	.	.	.	.	2	.	.	.	.	.	12	.	.	.	2	.
17	171	7	4	20	18	5	9	13	10	9	5	11	15	3	6	9	11
18	171	20	7	17	.	2	9	3	12	.	.	.	.	.	.	12	5
19	171	.	.	.	.	.	.	.	.	.	.	.	.	.	.	.	.
20	171	1	18	.	.	.	.	3	.	.	.	.	.	.	.	.	.
21	172	.	.	.	.	.	.	.	.	.	.	.	.	.	.	.	.
22	172	.	.	26	22	34	37	.	.	.	.	.	.	21	.	31	37
23	172	.	.	.	.	.	.	.	.	.	.	.	.	.	.	.	.
24	172	31	30	.	.	28	37	23	32	.	.	33	.	21	.	34	37
25	172	.	.	.	.	.	.	.	.	.	.	.	.	.	.	.	.
26	172	.	.	.	.	.	.	.	.	.	.	.	.	.	.	.	.
27	172	.	.	.	.	.	.	.	.	.	.	.	.	.	.	.	.
28	172	37	34	.	.	37	34	34	27	.	.	.	.	27	.	37	34
29	172	30	24	21	26	34	37	36	27	.	.	36	.	21	.	34	37
30	172	29	24	21	33	37	34	32	23	28	27	21	33	22	26	37	25
31	172																
32	172	25	35	26	21	.	.	30	23	.	.	.	.	.	.	.	.
33	172	.	.	.	.	.	.	.	.	.	.	.	.	.	.	.	.
34	172	.	.	.	.	.	.	.	.	.	.	.	.	.	.	.	.
35	172																
36	172	24	31	.	.	37	34	29	27	.	.	26	.	21	.	37	.
37	172	34	30	48	47	28	47	34	52	.	.	28	.	27	.	34	.
38	173	53	43	.	.	.	.	53	.	50	.	.	.	.	.	50	.
39	173	54	46	44	48	49	57	40	44	45	57	48	44	56	44	48	57
40	173	42	57	56	39	45	.	53	42	.	.	39	46	56	.	41	43
41	173	55	51	57	45	.	.	55	40	.	.	40	.	.	.	.	.
42	173	55	44	48	56	45	47	44	40	45	52	48	47	56	40	48	47
43	173	53	41	56	.	50	51	42	.	.	.	56	50	56	.	57	.
44	173	42	51	40	48	49	41	42	55	53	38	40	39	56	40	46	54
45	173	.	.	.	.	.	.	.	.	.	.	.	.	.	.	.	.
46	173	38	55	48	53	45	49	42	54	45	50	48	43	44	56	47	48
47	173	42	.	48	.	.	.	42	.	.	.	48	.	.	.	48	57
48	173																
49	173	42	45	56	48	.	.	55	.	.	.	.	.	.	.	38	.
50	173	.	.	.	.	.	.	.	.	.	.	.	.	.	.	.	.
51	173	42	55	48	.	45	.	40	39	41	.	40	41	47	.	45	.
52	173	.	.	.	.	.	.	.	.	.	.	.	.	.	.	.	.
53	173	38	43	56	40	45	.	40	38	45	.	44	56	56	44	50	41
54	173	38	42	56	39	45	49	53	44	45	52	48	56	47	45	57	48
55	173	57	49	56	48	45	.	40	42	45	.	48	56	.	.	47	41
56	173	44	42	.	.	.	.	42	40	45	.	44	40	56	51	39	46
57	173	.	.	.	.	.	.	.	.	.	.	.	.	.	.	.	.
58	174	77	69	72	61	67	66	77	73	72	68	72	65	72	65	76	68
59	174	59	67	72	58	59	67	62	77	72	68	72	58	76	71	69	.
60	174	75	98	79	61	.	.	98	.	72	.	72	79	79	.	79	.
61	174	75	78	.	.	65	.	77	58	72	.	61	79	61	.	76	.
62	174	77	66	.	.	.	.	77	.	.	.	72	.	61	.	69	.
63	174	66	.	60	.	.	.	77	.	72	.	72	.	61	.	69	.
64	174	67	74	72	58	66	71	77	69	76	.	72	.	61	76	59	64
65	174	64	77	61	.	.	.	77	.	.	.	72	.	72	.	65	.
66	174	77	64	70	68	78	.	77	65	72	.	72	.	76	.	67	.
67	174	64	59	72	58	67	59	63	62	68	72	58	72	63	62	67	59
68	174	66	77	70	.	66	.	77	.	72	.	76	.	74	71	59	.
69	174	74	66	58	72	65	76	77	75	.	.	72	75	72	58	.	.
70	174	71	76	.	.	68	67	.	.	72	.	72	.	.	.	.	.
71	174	64	69	.	.	.	.	77	65	72	.	.	.	76	61	.	.
72	174	68	69	58	61	73	76	77	65	78	75	60	74	79	63	71	66
73	174	66	77	.	.	.	.	77	.	.	.	72	.	.	.	69	59
74	174	69	66	68	70	78	58	77	65	72	68	72	58	76	70	76	67
75	174	64	78	58	60	76	72	77	69	59	68	72	58	79	75	60	59
76	174	64	69	.	.	.	.	77	66	.	.	72	.	61	.	.	.
77	174	71	74	72	61	76	62	58	75	68	72	72	60	58	79	59	69
78	174	73	58	.	.	66	68	77	65	.	.	72	.	.	.	76	.
79	174	73	64	61	60	75	72	77	69	60	.	60	.	60	.	60	.
80	181	.	.	.	.	.	.	.	.	.	.	.	.	.	.	.	.
81	181	82	91	94	85	92	90	99	102	.	.	.	.	.	.	.	.
82	181	81	91	.	.	85	.	.	.	85	.	82	.	81	.	80	82
83	181	.	.	82	.	.	.	99	103	87	.	101	.	.	.	.	.
84	181	88	.	.	.	.	.	99	.	.	.	100	.	88	.	89	.
85	181	.	.	.	.	.	.	.	.	.	.	91	.	.	.	.	.
86	181	.	.	.	.	.	.	.	.	.	.	.	.	.	.	.	.
87	181	.	.	.	.	.	.	.	.	.	.	.	.	.	.	.	.
88	181	86	84	.	.	85	.	86	85	.	.	103	.	91	.	89	.
89	181	90	92	.	.	.	.	90	92	.	.	82	.	.	.	.	.
90	181	101	915	97	82	.	.	99	103	85	.	97	82	88	87	102	80
91	181	.	.	.	.	.	.	.	.	.	.	.	.	.	.	.	.
92	181	88	101	82	97	100	83	87	90	.	.	82	.	91	81	93	102
93	181	96	83	101	.	.	.	99	103	.	.	101	82	.	.	.	.
94	181	85	102	100	85	85	80	915	102	85	91	88	100	84	91	80	100
95	181	88	86	.	.	.	.	.	.	84	102	.	.	80	84	94	80
96	181	93	.	.	.	.	.	.	.	.	.	.	.	.	.	100	.
97	181	94	102	100	85	80	102	85	102	85	.	85	.	94	.	102	.
99	181	87	103	101	96	96	93	87	103	96	93	101	83	96	.	83	96
100	181	.	.	.	.	.	.	.	.	.	.	.	.	.	.	.	.
101	181	.	.	82	.	.	.	87	99	92	.	83	.	.	.	102	.
102	181	84	915	100	97	89	90	99	103	85	88	100	85	94	91	80	89
103	181	99	87	96	101	96	83	99	103	93	96	96	101	87	96	96	93
915	181	102	95	.	.	85	95	99	103	85	.	85	.	84	88	95	89
104	182	.	.	.	.	.	.	.	.	.	.	.	.	.	.	.	.
105	182	.	.	.	.	.	.	.	.	.	.	.	.	.	.	.	.
106	182	.	.	104	.	104	.	.	.	104	.	104	.	.	.	104	.
107	182	115	119	116	128	125	117	121	.	117	.	120	.	119	105	113	.
108	182	127	125	120	116	116	104	111	.	116	128	116	128	116	111	129	128
109	182	117	125	104	116	107	113	109	106	118	.	104	119	116	111	118	114
110	182	125	117	128	116	104	.	119	107	104	.	.	.	111	116	.	.
111	182	117	125	120	128	113	117	116	126	.	.	119	128	128	116	.	.
112	182	122	112	.	.	117	125	117	126	118	.	122	120	111	116	122	129
113	182	114	119	.	.	125	117	119	107	.	.	.	.	.	.	.	.
114	182	113	.	120	116	.	.	119	117	.	.	119	123	111	116	129	112
115	182	114	113	120	116	.	.	119	.	.	.	119	123	116	111	129	114
116	182	111	108	120	111	125	113	111	126	.	.	119	128	111	106	126	.
117	182	114	125	116	120	.	.	119	125	.	.	.	.	111	116	129	112
118	182	114	121	116	111	117	125	117	125	.	.	116	122	116	.	129	112
119	182	114	113	120	116	117	.	121	124	.	.	123	115	116	111	129	.
120	182	.	.	.	.	.	.	.	.	.	.	.	.	.	.	.	.
121	182	117	125	128	116	104	.	119	107	104	.	.	.	111	116	.	.
122	182	112	122	.	.	117	125	126	117	118	.	112	120	116	111	112	129
123	182	114	113	120	116	118	.	119	.	.	.	119	115	111	116	115	129
124	182	106	.	109	127	109	.	104	.	104	.	.	.	109	.	126	.
125	182	119	117	.	.	.	.	117	119	117	.	.	.	116	128	129	112
126	182	127	.	128	.	124	.	.	.	.	.	.	.	.	.	.	.
127	182	.	.	104	.	104	.	.	.	104	.	104	.	116	.	104	.
128	182	.	.	.	.	.	.	.	.	.	.	.	.	.	.	.	.
129	182	125	117	128	116	104	.	119	107	104	.	.	.	111	116	.	.
130	183	148	139	138	136	154	151	134	132	137	154	136	147	136	148	151	150
131	183	143	139	149	136	132	144	134	140	154	.	138	147	.	.	137	149
132	183	131	.	.	.	151	.	.	.	.	.	.	.	148	.	137	.
133	183	176	178	148	.	151	.	176	142	151	138	130	136	174	.	151	138
134	183	155	139	136	.	144	.	131	.	154	.	.	.	155	143	144	132
135	183	.	.	.	.	.	.	.	.	.	.	.	.	.	.	.	.
136	183	.	.	.	.	.	.	.	.	.	.	.	.	.	.	.	.
137	183	142	131	.	.	151	.	134	.	154	.	138	.	136	.	.	.
138	183	139	137	.	.	.	.	.	.	154	.	.	.	136	.	139	137
139	183	152	155	136	149	144	132	134	131	154	.	147	149	153	156	151	153
140	183	155	154	136	150	144	32	134	130	.	.	138	150	155	149	144	132
141	183	155	134	.	.	132	154	98	130	150	151	143	130	136	135	135	153
142	183	133	145	.	.	154	.	.	.	134	154	.	.	149	148	151	144
143	183	139	152	146	130	131	.	139	.	.	.	147	.	123	.	145	156
144	183	131	132	.	.	.	.	.	.	.	.	.	.	.	.	.	.
145	183	156	139	149	.	154	151	134	130	.	.	149	.	136	.	151	.
146	183	139	130	138	136	154	151	134	131	137	154	147	136	148	141	151	150
147	183	139	141	146	.	132	140	130	134	154	.	146	134	136	149	139	.
148	183	130	146	138	136	144	132	134	139	.	.	147	.	.	.	.	.
149	183																
150	183	.	.	.	.	.	.	.	.	.	.	.	.	.	.	.	.
151	183	137	144	150	153	.	.	.	.	150	.	138	.	.	.	150	137
152	183	139	155	.	.	144	132	130	.	.	.	146	.	156	143	132	.
153	183	.	.	.	.	.	.	.	.	.	.	.	.	.	.	.	.
154	183	137	.	.	.	.	.	134	.	.	.	138	.	.	.	151	141
155	183	139	130	.	.	.	.	130	134	.	.	138	.	.	.	.	.
156	183	139	.	.	.	.	.	.	.	.	.	.	.	.	.	.	.
157	191	164	161	167	.	169	.	158	170	169	.	.	.	166	.	159	162
158	191	164	165	167	171	169	.	166	.	.	.	.	.	166	.	162	159
159	191	164	165	167	162	169	172	157	168	169	171	162	167	161	.	169	162
160	191																
161	191	170	158	162	.	169	172	164	166	169	.	158	.	166	.	169	165
162	191																
163	191	.	.	.	.	169	.	164	.	.	.	167	.	161	.	162	159
164	191	158	165	167	168	169	171	172	165	169	.	166	159	161	.	169	.
165	191	164	160	167	168	169	.	172	166	.	.	161	.	161	.	169	.
166	191	158	160	.	.	.	.	.	.	.	.	167	.	.	.	162	159
167	191	161	164	167	.	169	.	170	158	.	.	167	.	166	.	169	.
168	191																
169	191	164	158	.	.	.	.	166	.	.	.	.	.	161	.	159	.
170	191	158	161	.	.	169	.	164	169	.	.	.	.	166	.	.	.
171	191	164	161	98	167	.	.	.	.	.	.	.	.	.	.	.	.
172	191	.	.	.	.	169	.	166	158	.	.	.	.	161	.	169	.
173	192	.	.	.	.	.	.	.	.	.	.	.	.	.	.	.	.
174	192	187	176	.	.	183	180	187	188	.	.	.	.	.	.	183	180
175	192	.	.	.	.	.	.	.	.	.	.	.	.	.	.	.	.
176	192	187	192	186	182	183	180	188	184	180	183	186	185	189	177	177	181
177	192	184	188	186	.	180	183	184	188	180	183	186	.	.	.	180	183
178	192	176	187	186	185	180	183	188	179	173	181	186	185	177	179	180	183
179	192	192	98	.	.	183	180	98	186	180	.	179	186	.	.	183	180
180	192	183	.	186	.	.	.	98	98	98	183	186	.	186	189	183	.
181	192																
182	192																
183	192	187	188	186	189	.	.	.	.	.	.	.	.	.	.	180	.
184	192	187	192	186	185	183	180	188	187	180	183	186	189	177	189	182	180
185	192																
186	192	188	187	.	.	.	.	188	187	.	.	189	.	.	.	.	.
187	192	176	192	186	189	180	183	188	184	173	180	186	185	177	179	191	180
188	192	187	192	186	185	180	183	184	176	180	.	186	189	177	.	180	183
189	192	192	.	.	.	183	180	.	.	183	180	186	.	177	.	183	180
190	192	192	187	189	186	183	180	188	184	180	173	189	186	189	179	180	191
193	193	.	.	.	.	.	.	.	.	.	.	.	.	.	.	.	.
194	193	.	.	205	.	197	202	206	.	.	.	208	201	205	198	204	197
195	193	199	204	205	209	204	197	206	208	193	204	206	208	203	195	197	195
196	193	199	.	205	.	.	.	201	.	211	.	208	.	205	.	209	197
197	193	193	202	205	.	204	.	211	.	204	.	.	.	201	198	196	203
198	193	193	.	.	.	.	.	211	.	.	.	.	.	.	.	.	.
199	193	193	208	201	209	211	204	211	194	211	196	196	209	197	209	204	197
200	193	206	208	210	.	.	.	206	207	.	.	208	.	.	.	210	.
201	193	.	.	.	.	.	.	.	.	.	.	.	.	.	.	.	.
202	193	193	199	205	195	198	204	211	207	211	.	199	201	205	198	197	209
203	193	208	195	210	200	204	.	207	206	204	.	208	.	.	.	210	200
204	193	206	.	195	.	.	.	.	.	.	.	.	.	.	.	.	.
205	193	201	.	195	.	204	.	211	.	.	.	.	.	.	.	.	.
206	193	208	211	205	198	194	204	208	195	193	211	200	205	200	203	204	193
207	193	208	193	205	201	204	.	195	211	.	.	210	208	198	201	203	210
208	193	199	206	210	195	211	194	206	211	.	.	210	207	195	200	211	194
209	193	193	201	.	.	.	.	199	.	211	.	202	.	197	.	203	.
210	193	208	.	200	.	204	206	207	.	.	.	203	208	.	.	.	.
211	193	.	.	.	.	.	.	.	.	.	.	.	.	.	.	.	.
212	271	217	216	224	234	230	223	226	216	231	220	225	235	234	214	219	231
213	271	226	227	220	224	215	.	226	216	.	.	.	.	.	.	.	.
214	271	233	221	216	229	229	217	216	226	229	.	224	.	221	.	.	.
215	271	227	213	.	.	.	.	226	216	.	.	.	.	222	.	.	.
216	271	226	227	232	233	215	229	226	228	229	217	233	232	218	233	215	217
217	271	212	213	.	.	229	.	216	.	229	.	.	.	232	.	215	229
218	271	.	.	.	.	.	.	.	.	.	.	.	.	.	.	.	.
219	271	214	216	234	221	212	217	226	216	228	229	234	218	232	98	230	215
220	271	231	235	224	.	230	229	232	222	229	.	224	.	213	233	230	229
221	271	234	219	214	216	227	229	216	226	219	.	234	214	229	.	215	235
222	271	232	213	224	220	215	223	216	226	229	235	220	224	233	234	227	217
223	271	235	217	224	220	215	235	235	228	229	.	235	224	224	235	235	230
224	271	226	215	234	233	229	220	235	216	229	228	220	232	233	232	227	215
225	271	226	231	233	232	235	229	216	228	223	215	212	218	234	219	230	227
226	271	216	227	233	232	215	229	216	235	229	.	220	224	233	221	215	217
227	271	226	216	232	220	215	229	226	216	229	.	232	233	232	233	215	.
228	271	226	231	233	232	229	223	228	225	229	220	224	232	222	232	217	235
229	271	.	.	.	.	.	.	.	.	.	.	.	.	.	.	.	.
230	271	235	217	224	232	235	223	235	225	231	220	224	232	235	212	223	235
231	271	220	235	224	.	229	230	232	222	229	.	224	.	213	233	230	229
232	271	213	222	224	220	225	215	216	226	229	235	224	232	233	234	227	217
233	271	221	234	234	216	217	229	216	226	229	.	214	.	221	.	235	.
234	277																
235	271	216	226	224	232	229	220	227	213	220	229	224	232	224	233	229	230
236	272	244	238	255	242	240	243	244	257	98	252	237	242	244	255	257	243
237	272	236	257	255	249	242	243	254	240	251	247	255	248	255	256	247	239
238	272	236	244	.	.	242	383	.	.	.	.	.	.	.	.	.	.
239	272	.	.	.	.	.	.	.	.	.	.	.	.	.	.	.	.
240	272	250	256	252	256	250	256	256	252	241	251	248	249	252	256	250	249
241	272	257	243	255	252	257	239	249	238	242	.	248	244	255	251	257	243
242	272	236	250	244	254	.	.	.	.	.	.	241	.	255	.	.	.
243	272	257	250	.	.	257	.	240	237	242	.	248	249	256	255	249	239
244	272	243	257	255	247	243	257	252	237	242	246	237	250	255	254	243	257
245	272	.	.	.	.	.	.	.	.	.	.	.	.	.	.	.	.
246	272	245	257	248	.	241	245	244	257	.	.	250	248	237	255	241	249
247	272	237	242	236	241	383	257	249	246	242	255	255	246	255	248	257	251
248	272	245	239	249	243	257	252	250	236	250	.	256	255	244	254	248	247
249	272	217	257	.	.	.	.	257	.	.	.	.	.	241	.	.	.
250	272	.	.	.	.	.	.	.	.	.	.	.	.	.	.	.	.
251	272	257	241	248	.	238	.	244	246	242	.	.	.	255	.	239	256
252	272	250	239	255	254	242	257	256	244	251	242	255	254	256	255	239	249
254	272	236	246	.	.	.	.	.	.	.	.	.	.	.	.	.	.
255	272	.	.	.	.	.	.	.	.	.	.	.	.	.	.	.	.
256	272	250	240	.	.	.	.	.	.	.	.	.	.	256	.	.	.
257	272	239	243	249	251	243	.	241	.	.	.	255	249	255	.	249	239
383	272	383	237	.	.	383	247	237	383	.	.	.	.	.	.	.	.
385	272	289	98	.	.	98	98	98	98	.	.	.	.	.	.	.	.
258	283	.	.	300	.	.	.	.	.	.	.	.	.	.	.	.	.
259	283	289	.	.	.	.	.	289	.	.	.	.	.	.	.	.	.
260	283	.	.	.	.	.	.	.	.	.	.	.	.	.	.	.	.
262	283	263	300	274	292	292	274	278	272	304	288	263	300	263	292	.	.
263	283	279	98	302	98	279	98	279	98	279	98	279	98	279	98	302	98
264	283	279	295	292	300	271	280	275	285	271	297	262	263	258	260	271	287
265	283	275	301	.	.	.	.	.	.	.	.	.	.	.	.	.	.
266	283	287	294	262	274	271	306	287	300	306	271	273	272	258	262	287	271
267	283	290	280	262	300	284	306	287	286	299	271	307	271	258	262	307	306
268	283	293	277	305	.	.	.	.	.	.	.	305	.	270	305	270	.
269	283	354	297	.	.	.	.	354	98	.	.	.	.	354	.	.	.
270	283	293	305	268	.	287	.	275	.	287	275	.	.	.	.	98	.
271	283	264	296	300	292	297	270	264	277	287	273	300	262	285	294	273	287
272	283	.	.	.	.	.	.	.	.	.	.	.	.	.	.	.	.
273	283	306	287	.	.	.	.	287	266	.	.	.	.	.	.	.	.
274	283	274	.	.	.	.	.	292	.	.	.	.	.	.	.	.	.
275	283	.	.	.	.	.	.	.	.	.	.	.	.	.	.	.	.
276	283	295	296	300	292	271	303	298	286	.	.	292	300	263	258	271	273
277	283	264	296	300	278	297	271	298	296	271	297	275	262	300	270	271	302
279	283	302	263	300	292	.	.	.	.	273	98	.	.	281	.	302	.
280	283	294	306	262	300	271	266	296	264	303	307	288	.	285	.	287	.
281	283	295	264	300	278	.	.	296	295	.	.	.	.	258	.	287	271
282	283	337	98	.	.	321	.	337	335	.	.	337	335	321	.	335	98
283	283	269	293	.	.	271	287	296	295	.	.	259	260	260	278	271	303
284	283	305	285	.	.	287	306	298	259	271	303	289	300	262	258	303	271
285	283	.	.	.	.	.	.	.	.	.	.	.	.	.	.	.	.
286	283	299	310	299	288	.	.	.	.	.	.	.	.	.	.	.	.
287	283	306	298	262	300	271	280	296	299	271	282	278	262	258	304	271	307
288	283	.	.	.	.	.	.	.	.	.	.	.	.	.	.	.	.
289	283	259	279	300	292	297	306	277	296	271	307	274	291	262	305	287	273
290	283	277	298	262	300	287	306	286	296	303	307	294	271	285	288	271	280
291	283	.	.	.	.	.	.	.	.	.	.	.	.	.	.	.	.
292	283	.	.	.	.	.	.	.	.	.	.	.	.	.	.	.	.
293	283	277	268	305	.	.	.	277	.	.	.	305	.	305	270	270	.
294	283	.	.	.	.	.	.	.	.	.	.	.	.	.	.	.	.
295	283	283	237	244	236	339	383	237	238	283	260	244	260	236	244	383	237
296	283	276	.	300	.	271	.	287	.	287	273	264	.	258	.	271	.
297	283	269	298	289	.	.	.	297	.	.	.	.	.	299	.	266	.
298	283	259	283	300	262	284	282	296	267	271	282	262	.	300	258	266	284
299	283	304	286	262	292	.	.	286	.	.	.	275	.	262	292	304	.
300	283	.	.	258	.	.	.	291	.	292	.	262	.	274	.	.	.
301	283	269	270	262	.	.	.	.	.	.	.	.	.	.	.	.	.
302	283	279	263	263	272	279	263	279	263	279	272	263	263	279	263	302	263
303	283	307	265	262	271	287	280	264	296	294	306	292	291	98	300	263	277
304	283	291	262	.	.	.	.	.	.	.	.	262	300	262	300	.	.
305	283	98	268	98	266	98	98	.	.	98	98	.	.	98	275	98	266
306	283	.	.	.	.	.	.	.	.	.	.	.	.	.	.	.	.
307	283	303	265	262	.	306	.	264	296	271	.	271	.	300	.	271	287
391	283	385	381	.	.	.	.	.	.	.	.	.	.	.	.	.	.
398	283	380	381	.	.	.	.	.	.	.	.	.	.	.	.	394	396
308	291	317	324	.	.	.	.	.	.	.	.	.	.	.	.	.	.
309	291	324	320	312	.	326	.	324	.	323	.	322	.	316	.	311	326
310	291	311	324	319	309	311	.	324	.	.	.	317	.	.	.	311	.
311	291	310	314	319	309	310	319	317	324	.	.	.	.	.	.	.	.
312	291	314	324	329	317	314	326	324	329	.	.	317	314	316	308	.	.
313	291	316	328	318	310	326	320	316	314	323	311	318	310	316	329	.	.
314	291	324	320	312	.	326	.	324	.	323	.	322	.	316	.	311	326
316	291	.	.	318	310	.	.	.	.	.	.	.	.	317	.	.	.
317	291	324	320	.	.	320	.	324	.	.	.	.	.	319	.	320	326
318	291	328	316	319	316	319	316	328	316	.	.	.	.	313	316	319	313
319	291	.	.	.	.	.	.	.	.	.	.	.	.	.	.	.	.
320	291	317	324	312	.	.	.	.	.	.	.	312	.	317	.	311	.
321	291																
322	291	317	324	319	313	.	.	.	.	.	.	.	.	.	.	.	.
323	291																
324	291	320	.	312	.	320	326	313	.	.	.	317	.	319	.	320	.
325	291	324	329	317	329	320	326	324	.	323	344	373	317	316	.	329	320
326	291	324	317	312	.	309	.	324	.	312	.	310	312	317	.	330	.
327	291	324	317	325	329	311	321	324	317	326	311	318	.	.	.	.	.
328	291	318	316	319	313	318	316	313	316	313	316	318	313	313	319	318	319
329	291	324	325	325	317	320	326	324	.	323	344	325	317	316	.	320	325
330	291	320	324	308	312	321	.	317	324	326	.	325	312	325	.	320	326
331	292	338	347	345	350	344	353	340	351	335	337	352	345	345	.	344	334
332	292	336	333	350	345	344	347	336	340	353	335	350	335	340	338	344	347
333	292	338	336	350	345	353	347	336	340	344	353	346	352	350	345	347	344
334	292	339	351	345	350	353	344	340	351	344	353	350	345	338	345	344	353
335	292	337	282	.	.	337	282	337	282	.	.	.	.	.	.	335	.
336	292	332	333	350	345	344	353	340	332	353	337	350	345	332	340	347	344
337	292	353	347	350	346	344	331	351	339	.	.	335	.	.	.	333	342
338	292	347	337	345	350	344	353	340	336	344	353	348	335	339	342	344	353
339	292	338	351	345	350	353	344	340	336	353	344	346	345	350	345	344	353
340	292	339	332	345	350	353	347	340	337	353	344	345	350	350	345	353	347
341	292	339	.	350	345	.	.	336	340	344	.	345	350	352	.	342	331
342	292	347	338	346	345	353	344	339	340	335	337	352	349	351	350	344	334
343	292	339	.	346	.	334	.	339	.	353	.	335	.	350	.	344	.
344	292	347	340	350	345	.	.	336	351	353	.	.	.	352	.	341	342
345	292	338	339	350	98	.	.	.	.	344	341	.	.	.	.	.	.
346	292	340	338	350	.	344	353	332	336	344	.	352	.	350	.	342	331
347	292	338	340	350	345	353	344	336	339	335	333	335	350	350	345	353	344
348	292	338	347	350	345	353	347	351	339	353	347	345	346	351	350	353	347
349	292	338	339	345	350	353	344	340	339	344	346	352	346	350	352	353	344
350	292	352	.	346	.	344	.	336	.	.	.	.	.	.	.	353	.
351	292	338	339	345	350	344	353	340	339	344	353	345	352	338	350	353	344
352	292	338	.	350	.	344	353	336	340	.	.	350	.	350	.	344	353
353	292	336	332	350	345	347	344	336	332	344	335	350	335	338	350	347	344
381	292	391	385	.	.	.	.	386	393	.	.	.	.	398	393	.	.
386	292	381	398	.	.	.	.	98	396	.	.	.	.	.	.	.	.
388	292	396	381	386	398	385	387	381	385	394	.	386	391	386	398	394	396
393	292	.	.	381	391	339	351	.	.	386	331	391	398	398	386	.	.
396	292	98	381	98	381	394	380	98	381	386	398	398	386	.	.	394	.
354	293	369	377	356	368	379	378	366	371	379	376	367	374	368	365	378	364
355	293	377	355	356	368	360	379	371	366	379	360	367	368	356	368	379	374
356	293	365	358	370	359	.	.	364	357	.	.	359	357	.	.	.	.
357	293	371	378	365	356	.	.	364	371	379	.	368	356	365	356	378	.
358	293	.	.	.	.	.	.	.	.	.	.	.	.	.	.	.	.
359	293	367	360	356	365	360	.	358	371	360	.	.	.	356	.	360	.
360	293	371	378	364	365	.	.	364	.	.	.	370	.	367	.	364	.
361	293	377	363	356	368	.	.	366	371	379	376	356	.	368	356	378	364
362	293																
363	293	.	.	.	.	379	.	.	.	.	.	.	.	356	.	.	.
364	293	365	357	358	356	360	378	367	365	360	378	365	98	367	357	360	371
365	293	371	367	370	358	374	379	364	378	359	372	375	362	363	371	357	363
366	293	377	371	368	356	376	375	378	357	379	360	368	374	356	355	372	379
367	293	364	356	359	370	360	372	357	378	.	.	370	359	356	365	360	379
368	293	377	355	375	368	355	360	371	366	379	360	367	355	368	356	379	374
369	293																
370	293	371	378	356	368	379	363	360	366	379	376	356	358	356	365	360	374
371	293	360	378	356	368	379	376	360	376	379	376	356	368	356	377	379	378
372	293	360	371	358	356	.	.	.	.	.	.	358	356	356	.	.	.
373	293	.	.	.	.	.	.	.	.	.	.	.	.	.	.	.	.
374	293	364	367	356	.	.	.	364	.	.	.	359	.	359	.	.	.
375	293	377	355	368	375	355	360	371	366	379	360	367	368	356	368	379	374
376	293	377	363	367	.	379	.	364	.	379	.	368	.	356	.	374	.
377	293	368	355	368	355	379	378	368	375	379	376	368	.	368	356	363	379
378	293	371	360	356	372	358	355	376	371	359	367	367	364	365	357	374	375
379	293	377	354	356	368	360	374	376	366	379	362	374	373	379	368	372	360
401	371	420	412	411	406	.	.	416	419	.	.	.	.	.	.	.	.
402	371	.	.	.	.	.	.	.	.	.	.	.	.	.	.	.	.
403	371	.	.	.	.	.	.	.	.	.	.	.	.	.	.	.	.
404	371																
405	371	464	424	475	.	421	471	464	472	.	.	475	.	450	.	421	.
406	371																
407	371	412	418	411	409	.	.	423	409	.	.	.	.	.	.	.	.
408	371	419	402	.	.	.	.	.	.	.	.	.	.	.	.	.	.
409	371	423	411	.	.	.	.	423	410	417	402	421	423	422	425	410	418
410	371	412	417	.	.	.	.	98	418	.	.	411	.	.	.	.	.
411	371	423	409	.	.	.	.	423	402	417	402	423	421	422	425	410	418
412	371	423	418	411	410	409	420	423	410	420	402	411	410	411	423	420	402
413	371	.	.	406	.	416	.	.	.	.	.	411	.	.	.	.	.
414	371	.	.	.	.	.	.	.	.	.	.	.	.	.	.	.	.
415	371	421	424	421	405	.	.	.	.	.	.	.	.	.	.	.	.
416	371	422	425	.	.	.	.	.	.	.	.	.	.	.	.	.	.
417	371	410	418	411	.	.	.	411	.	.	.	411	.	.	.	.	.
418	371	410	412	411	.	.	.	410	423	.	.	411	.	.	.	.	.
419	371	408	402	.	.	.	.	.	.	.	.	.	.	.	.	.	.
420	371	.	.	.	.	.	.	.	.	.	.	.	.	.	.	.	.
421	371	405	475	475	450	405	424	98	405	.	.	475	450	450	.	.	.
422	371	425	404	.	.	416	401	405	423	407	416	415	421	.	.	416	424
423	371	409	418	411	410	401	416	422	.	401	416	401	411	422	425	421	426
424	371	421	405	.	.	.	.	405	421	.	.	.	.	421	.	421	.
425	371	422	404	.	.	416	401	422	423	407	416	415	421	.	.	424	.
442	371	423	420	.	.	.	.	423	412	423	.	.	.	.	.	.	.
426	372	439	438	.	.	446	436	444	440	446	436	.	.	430	450	.	.
428	372	448	435	450	452	436	446	444	449	436	446	450	.	450	452	436	.
429	372	440	448	452	450	446	436	444	435	446	436	433	452	430	452	436	446
430	372	.	.	.	.	.	.	.	.	.	.	.	.	.	.	.	.
431	372	.	.	.	.	.	.	.	.	.	.	.	.	.	.	.	.
432	372	.	.	.	.	446	.	.	.	.	.	437	.	430	.	.	.
433	372	453	.	450	.	429	.	442	.	446	.	450	.	452	.	434	.
434	372	450	433	.	.	446	436	444	440	.	.	.	.	450	.	.	.
435	372	441	448	453	450	446	436	444	429	436	446	439	430	430	450	438	436
436	372	428	.	.	.	.	.	.	.	.	.	.	.	.	.	.	.
437	372	439	440	452	450	.	.	444	447	.	.	.	.	430	429	.	.
438	372	440	442	.	.	446	436	444	440	436	446	439	437	452	429	446	436
439	372	438	440	450	433	446	436	440	444	446	436	433	450	443	.	435	446
440	372	446	432	430	.	446	436	444	446	436	.	450	453	430	428	446	.
441	372	448	435	450	447	436	446	444	429	436	446	437	449	430	453	432	446
442	372																
443	372	435	448	452	450	436	446	444	437	446	436	450	.	450	452	436	446
444	372	448	440	.	.	446	436	449	440	.	.	.	.	430	450	.	.
446	372	440	441	452	453	446	436	444	435	446	436	450	.	430	443	446	.
447	372	.	.	.	.	.	.	.	.	.	.	.	.	.	.	.	.
448	372	.	.	.	.	.	.	.	.	.	.	.	.	.	.	.	.
449	372	451	444	.	.	.	.	429	453	.	.	.	.	429	453	.	.
450	372	433	434	.	.	446	436	444	440	.	.	.	.	434	433	.	.
451	372	.	.	.	.	.	.	444	.	.	.	437	.	.	.	.	.
452	372	.	.	.	.	.	.	.	.	.	.	437	.	.	.	.	.
453	372	444	449	452	.	429	448	.	.	.	.	.	.	.	.	429	.
454	373	456	478	461	.	465	.	470	.	.	.	461	.	478	.	465	.
455	373	.	.	.	.	.	.	.	.	.	.	.	.	.	.	.	.
456	373	478	468	.	.	.	.	.	.	.	.	.	.	.	.	465	.
457	373	.	.	.	.	.	.	.	.	.	.	.	.	.	.	.	.
458	373	470	464	477	469	467	465	473	471	465	470	477	469	459	475	465	.
459	373																
460	373																
461	373	.	.	.	.	.	.	.	.	.	.	.	.	.	.	.	.
462	373	455	457	.	.	.	.	.	.	.	.	.	.	.	.	.	.
463	373	470	.	475	469	465	.	.	.	465	.	467	455	.	.	.	.
464	373	471	.	.	.	.	.	405	450	465	.	475	477	476	472	465	.
465	373	.	.	.	.	.	.	.	.	.	.	.	.	.	.	.	.
466	373	.	.	.	.	.	.	.	.	.	.	.	.	.	.	.	.
467	373	.	.	.	.	.	.	.	.	.	.	.	.	.	.	.	.
468	373	479	456	.	.	465	.	.	.	465	.	477	.	.	.	465	.
469	373	455	457	477	98	465	460	471	.	465	.	462	.	472	.	467	.
470	373	473	456	477	479	.	.	473	.	465	.	469	467	459	460	.	.
471	373	474	465	475	477	476	465	474	464	465	459	475	455	472	477	476	465
472	373	464	478	469	467	454	456	471	473	465	457	477	475	466	460	462	459
473	373	470	473	475	.	465	.	471	.	470	.	477	469	.	.	467	.
474	373	466	459	475	477	465	.	471	473	465	.	477	475	475	477	465	.
475	373	476	471	421	477	.	.	472	476	465	.	477	98	459	450	465	.
476	373	.	.	.	.	.	.	.	.	.	.	.	.	.	.	.	.
477	373	.	.	.	.	.	.	.	.	.	.	.	.	.	.	.	.
478	373	466	456	467	455	.	.	466	.	465	.	477	.	459	.	465	.
479	373	.	.	.	.	.	.	.	.	.	.	.	.	.	.	.	.
480	381	506	.	495	502	494	.	.	.	484	.	502	495	502	.	492	488
482	381	499	500	489	499	.	.	.	.	.	.	.	.	495	501	.	.
483	381	494	.	489	.	.	.	491	.	484	.	496	.	495	.	488	.
484	381	496	483	.	.	506	.	.	.	.	.	.	.	495	490	.	.
485	381	492	480	.	.	.	.	492	480	.	.	.	.	502	.	.	.
486	381	485	492	.	.	506	.	485	493	494	.	.	.	495	501	506	.
488	381	493	474	.	.	98	.	483	491	502	.	502	.	495	.	494	.
489	381	499	491	.	.	.	.	.	.	.	.	.	.	.	.	.	.
490	381	506	488	.	.	.	.	.	.	.	.	.	.	.	.	.	.
491	381	.	.	.	.	.	.	.	.	.	.	.	.	.	.	.	.
492	381	506	480	.	.	.	.	485	.	.	.	.	.	.	.	485	506
493	381	492	500	495	489	494	506	480	483	502	484	490	496	495	489	506	494
494	381	504	486	.	.	.	.	.	.	.	.	.	.	.	.	.	.
495	381	493	483	.	.	494	.	493	.	502	98	.	.	489	505	484	494
496	381	483	484	.	.	.	.	.	.	.	.	.	.	495	.	.	.
499	381	501	.	.	.	.	.	.	.	.	.	.	.	.	.	.	.
500	381	499	.	489	505	482	.	491	.	516	.	505	.	505	489	482	.
501	381																
502	381	506	492	501	489	494	.	484	.	.	.	501	505	502	.	502	492
503	381	.	.	.	.	.	.	.	.	.	.	.	.	.	.	.	.
504	381	485	492	.	.	493	491	495	491	506	480	.	.	501	503	.	.
505	381	.	.	.	.	.	.	.	.	.	.	.	.	.	.	.	.
506	381	480	.	502	.	485	.	.	.	.	.	502	.	502	485	492	.
507	382	511	509	514	.	519	508	512	524	519	.	514	513	513	526	514	532
508	382	510	515	514	526	519	508	507	512	.	.	528	514	527	526	514	519
509	382	511	507	517	509	511	521	524	512	519	521	513	514	526	521	511	519
510	382	511	512	.	.	519	529	512	507	519	.	.	.	.	.	519	.
511	382	524	507	509	517	511	508	524	507	519	521	514	513	526	521	511	521
512	382	.	.	.	.	.	.	.	.	.	.	.	.	.	.	.	.
513	382	511	509	514	.	519	508	512	524	519	.	514	513	513	526	514	532
514	382	98	98	98	.	.	.	.	.	.	.	.	.	.	.	.	.
515	382	530	508	513	514	511	531	512	507	.	.	514	517	526	514	508	522
516	382	508	521	.	.	.	.	.	.	.	.	.	.	.	.	.	.
517	382	511	507	517	509	511	.	524	507	519	521	514	513	526	521	511	528
518	382	.	.	98	527	519	.	.	.	.	.	532	.	532	.	532	.
519	382																
520	382	.	.	.	.	.	.	.	.	.	.	532	.	532	.	.	.
521	382	516	520	.	.	.	.	515	523	.	.	.	.	.	.	.	.
522	382	.	.	.	.	.	.	.	.	.	.	.	.	.	.	.	.
523	382	525	507	527	.	519	.	520	.	.	.	532	.	532	.	532	.
524	382	511	507	517	524	511	521	524	507	519	521	514	513	526	521	519	521
525	382	511	.	98	.	519	.	517	.	.	.	98	514	527	.	519	.
526	382	510	512	.	.	.	.	.	.	.	.	.	.	.	.	.	.
527	382	.	.	.	.	.	.	.	.	.	.	.	.	.	.	.	.
528	382	530	490	522	.	.	.	530	.	490	.	522	.	.	.	.	.
529	382																
530	382	528	490	522	.	.	.	528	.	490	.	522	.	.	.	.	.
531	382	510	.	.	.	.	.	.	.	.	.	.	.	.	.	.	.
532	382	520	.	.	.	.	.	.	.	.	.	.	.	.	.	.	.
533	382	.	.	.	.	.	.	.	.	.	.	.	.	.	.	.	.
534	391	563	539	553	541	548	553	542	539	98	98	98	98	98	550	.	.
536	391	543	539	544	548	552	555	538	546	544	552	539	544	543	542	557	542
537	391	555	.	539	.	.	.	540	555	551	.	539	.	556	.	.	.
538	391	555	540	551	544	552	553	547	555	552	.	539	544	542	551	543	540
539	391																
540	391																
541	391																
542	391	.	.	.	.	.	.	.	.	.	.	.	.	.	.	.	.
543	391	536	546	544	534	552	554	555	550	544	552	539	544	542	537	536	542
544	391	558	.	.	.	.	.	.	.	.	.	.	.	.	.	.	.
546	391	543	540	534	548	540	538	547	550	552	540	544	534	546	543	540	539
547	391	550	554	544	548	533	552	550	554	546	540	534	544	551	544	557	552
548	391																
549	391	540	558	553	.	552	.	558	.	.	.	557	.	548	.	552	.
550	391	547	554	544	534	552	533	547	554	546	540	548	551	542	544	557	552
551	391	556	555	543	541	540	550	547	550	540	552	537	547	548	544	537	539
552	391																
553	391	555	538	544	534	.	.	.	.	.	.	555	.	.	.	.	.
554	391																
555	391	558	549	542	534	557	533	547	558	552	.	539	551	547	550	533	553
556	391	537	536	.	.	557	533	555	540	553	533	543	540	541	556	557	539
557	391	.	.	.	.	.	.	.	.	.	.	.	.	.	.	.	.
558	391	540	559	548	534	.	.	540	549	.	.	548	534	544	546	540	551
559	391	558	540	544	548	552	.	558	.	.	.	557	.	548	.	552	.
561	392	565	566	582	566	575	567	563	564	567	575	582	572	.	.	567	575
562	392																
563	392	568	572	98	582	98	.	.	.	562	.	561	.	563	.	580	.
564	392	565	566	566	571	565	585	566	565	566	565	566	585	585	583	582	585
565	392	573	580	571	582	567	575	563	581	562	583	571	582	574	585	574	567
566	392	571	566	571	566	578	584	566	564	583	562	571	564	582	585	569	561
567	392	583	.	.	.	.	.	.	.	.	.	.	.	.	.	.	.
568	392	563	571	.	.	567	.	583	581	.	.	582	.	.	.	.	.
569	392	.	.	585	583	571	.	571	.	561	.	561	.	561	.	561	.
570	392																
571	392	585	565	566	582	567	.	583	566	561	.	571	.	583	.	569	.
572	392																
573	392	580	565	582	568	567	575	563	566	566	561	568	98	.	.	580	567
574	392	585	573	568	571	567	575	563	566	567	575	574	565	571	582	567	575
575	392	567	.	.	.	.	.	.	.	.	.	.	.	.	.	.	.
576	392																
577	392																
578	392	.	.	.	.	.	.	.	.	.	.	.	.	.	.	.	.
579	392	563	582	571	566	562	577	573	563	562	561	571	583	582	566	564	560
580	392	573	563	582	568	567	569	563	581	567	575	574	582	571	574	569	567
581	392	573	580	582	568	567	575	565	574	567	576	585	561	568	574	576	570
582	392	573	569	571	585	567	575	581	583	562	585	571	564	568	584	580	569
583	392	573	574	571	560	569	575	583	577	562	567	582	569	564	.	.	.
584	392	.	.	.	.	.	.	.	.	.	.	.	.	.	.	.	.
585	392	568	563	.	.	.	.	573	.	.	.	571	.	.	.	.	.
588	393	591	608	605	607	596	597	606	594	.	.	605	607	605	590	.	.
589	393	601	598	542	.	.	.	601	542	.	.	.	.	542	601	.	.
590	393	587	606	98	98	599	593	604	605	98	600	587	98	591	589	599	601
591	393	588	.	598	.	586	.	606	.	603	.	607	.	588	.	603	597
592	393	.	.	590	607	.	.	.	.	.	.	.	.	.	.	.	.
593	393	608	582	607	548	.	.	606	.	603	596	607	590	605	.	.	.
594	393	597	601	605	607	599	586	587	591	.	.	587	.	590	605	608	592
595	393	594	.	605	607	597	596	606	595	.	.	607	605	605	591	.	.
596	393	592	602	594	598	.	.	589	601	.	.	594	.	.	.	597	.
597	393	596	594	605	607	596	603	606	587	.	.	607	605	590	605	603	596
598	393	596	601	.	.	.	.	589	.	596	.	.	.	594	.	596	.
599	393	.	.	.	.	.	.	.	.	.	.	.	.	.	.	.	.
600	393	606	.	598	.	567	606	591	.	567	.	587	.	593	.	601	.
601	393	596	597	605	607	601	.	594	606	.	.	590	587	594	.	.	.
602	393	596	597	605	607	.	.	594	587	.	.	590	.	594	.	.	.
603	393																
604	393																
605	393																
606	393	591	600	605	607	596	597	587	606	596	597	587	590	605	595	588	608
607	393	.	.	.	.	.	.	.	.	.	.	.	.	.	.	.	.
608	393	582	593	605	548	.	.	606	.	551	596	607	582	590	.	608	593
609	471	.	.	.	.	.	.	.	.	.	.	.	.	.	.	.	.
610	471	.	.	.	.	.	.	.	.	.	.	.	.	.	.	.	.
611	471	614	619	623	.	612	618	625	620	612	.	623	.	622	.	611	.
612	471	.	.	.	.	.	.	.	.	.	.	.	.	.	.	.	.
613	471	.	.	.	.	.	.	.	.	.	.	.	.	.	.	.	.
614	471	619	611	624	.	611	624	98	621	611	609	611	.	625	.	611	98
615	471	.	.	.	.	.	.	.	.	.	.	.	.	.	.	.	.
616	471	615	614	622	623	612	.	615	619	618	623	623	625	622	625	612	609
617	471	.	.	.	.	.	.	.	.	.	.	.	.	.	.	.	.
618	471	619	614	622	623	624	612	620	625	612	624	622	623	622	623	609	624
619	471	614	611	.	.	.	.	611	.	.	.	.	.	.	.	.	.
620	471	618	609	.	.	.	.	622	610	615	616	.	.	622	613	623	98
621	471	609	.	.	.	.	.	.	.	.	.	.	.	.	.	.	.
622	471																
623	471	.	.	.	.	.	.	.	.	.	.	.	.	.	.	.	.
624	471	615	616	622	623	612	616	615	616	618	612	611	623	625	622	611	618
625	471	.	.	.	.	.	.	.	.	.	.	.	.	.	.	.	.
896	471	.	.	.	.	.	.	.	.	.	.	.	.	.	.	.	.
910	471	.	.	.	.	.	.	.	.	.	.	.	.	.	.	.	.
913	471	.	.	.	.	.	.	.	.	.	.	.	.	.	.	.	.
626	472	.	.	.	.	.	.	.	.	.	.	.	.	.	.	.	.
627	472	.	.	.	.	.	.	.	.	.	.	.	.	.	.	.	.
628	472	638	633	.	.	.	.	.	.	.	.	.	.	634	640	.	.
629	472																
630	472	637	.	.	.	.	.	635	631	.	.	.	.	.	.	637	635
631	472	635	630	626	635	633	641	633	638	641	633	626	632	626	640	641	627
632	472	633	638	.	.	627	.	633	627	627	.	.	.	640	.	636	.
633	472	638	632	626	.	641	.	638	632	.	.	626	.	626	.	.	.
634	472	640	636	628	626	636	627	633	638	633	638	640	636	640	626	640	636
635	472	.	.	.	.	.	.	.	.	.	.	.	.	.	.	.	.
636	472	634	640	.	.	.	.	.	.	.	.	.	.	634	640	.	.
637	472	638	633	626	632	631	630	641	639	.	.	.	.	628	640	.	.
638	472	633	632	626	.	641	.	633	.	641	.	627	626	626	.	.	.
639	472	641	627	634	640	.	.	628	638	.	.	.	.	.	.	.	.
640	472	639	633	634	.	641	.	641	.	641	.	641	.	640	.	.	.
641	472	.	.	.	.	.	.	.	.	.	.	.	.	.	.	.	.
893	472	902	629	908	626	899	909	908	897	98	894	908	897	912	901	908	897
642	473	653	647	657	656	659	658	645	643	649	659	643	660	658	656	657	644
643	473	649	645	642	652	647	661	647	646	656	660	642	660	651	650	649	659
644	473	.	.	.	.	.	.	.	.	.	.	.	.	.	.	.	.
645	473	646	.	652	642	.	.	659	643	649	.	656	652	642	660	653	649
646	473	645	659	652	642	653	.	659	643	.	.	660	652	652	660	653	649
647	473	653	655	657	656	659	645	643	645	649	.	660	642	656	642	659	661
649	473	643	653	.	.	.	.	643	.	.	.	.	.	.	.	.	.
650	473	644	.	.	.	.	.	.	.	.	.	646	.	.	.	.	.
651	473	.	.	.	.	.	.	.	.	.	.	.	.	.	.	.	.
652	473	659	649	656	642	659	.	647	643	650	.	660	.	642	.	656	657
653	473	647	642	656	657	659	645	647	642	.	.	642	660	642	656	645	659
655	473	647	649	642	656	.	.	.	.	.	.	.	.	.	.	.	.
656	473	.	.	.	.	.	.	.	.	.	.	.	.	.	.	.	.
657	473	.	.	.	.	.	.	.	.	.	.	.	.	.	.	.	.
658	473	643	649	.	.	.	.	643	.	650	.	642	.	642	.	.	.
659	473	645	661	.	.	.	.	646	645	.	.	.	.	.	.	.	.
660	473	659	649	642	656	659	.	647	643	650	.	652	.	642	.	656	657
661	473	645	649	652	660	.	.	659	.	.	.	646	.	.	.	.	.
662	474	675	676	670	.	680	.	670	674	.	.	673	670	673	668	680	.
663	474	673	670	674	670	680	662	674	679	680	.	678	.	674	670	680	673
664	474	675	.	673	.	680	.	675	.	.	.	672	.	677	.	.	.
665	474	679	675	672	667	680	663	674	675	680	678	673	662	667	672	666	671
666	474	679	669	678	.	.	.	671	.	.	.	678	.	669	678	.	.
667	474	672	677	.	.	675	.	674	679	680	.	664	.	665	.	680	.
668	474	667	672	.	.	.	.	.	.	.	.	.	.	.	.	.	.
669	474	666	679	678	668	680	.	671	674	.	.	673	678	678	673	680	.
670	474	673	663	670	672	680	.	674	662	680	.	678	.	670	665	.	.
671	474	680	664	666	678	680	662	679	.	.	.	664	678	678	668	680	664
672	474	667	677	678	668	.	.	.	.	.	.	.	.	678	.	.	.
673	474	663	670	674	670	680	.	674	679	680	.	678	672	670	674	680	673
674	474	675	679	667	672	680	663	665	675	680	.	677	673	678	672	663	680
675	474	664	665	670	673	662	663	676	664	662	680	662	673	664	665	662	663
676	474	675	662	673	663	615	616	674	665	669	680	673	664	.	.	680	.
677	474	667	672	.	.	.	.	674	679	680	.	664	674	668	678	680	.
678	474	672	684	656	.	.	.	684	.	.	.	625	.	.	.	.	.
679	474	680	663	678	673	680	.	671	666	.	.	678	673	677	672	680	664
680	474	679	669	678	.	.	.	671	679	.	.	.	.	673	.	.	.
905	474	911	.	901	.	893	914	904	.	.	.	894	.	901	.	908	.
681	475	.	.	.	.	.	.	.	.	.	.	.	.	.	.	.	.
682	475	687	702	684	692	.	.	697	.	688	.	.	.	700	691	694	693
683	475																
684	475	.	.	.	.	.	.	.	.	.	.	.	.	.	.	.	.
685	475	.	.	.	.	.	.	.	.	.	.	.	.	.	.	.	.
686	475	696	694	689	98	688	685	697	682	.	.	.	.	692	.	98	693
687	475	682	681	686	684	694	.	682	.	.	.	686	.	686	.	.	.
688	475	.	.	.	.	.	.	.	.	.	.	.	.	.	.	.	.
689	475	.	.	.	.	.	.	.	.	.	.	.	.	.	.	.	.
690	475	.	.	.	.	.	.	697	682	.	.	.	.	692	703	693	.
691	475	.	.	.	.	.	.	.	.	.	.	.	.	.	.	.	.
692	475	.	.	.	.	700	.	682	697	.	.	692	701	692	.	.	.
693	475	697	702	.	.	.	.	682	697	.	.	692	701	692	.	.	.
694	475	696	686	.	.	695	.	682	.	.	.	694	.	.	.	695	.
695	475	687	682	686	.	.	.	.	.	.	.	694	.	692	.	689	.
696	475	694	686	.	.	.	.	.	.	.	.	686	694	.	.	694	.
697	475	702	692	.	.	.	.	.	.	.	.	.	.	692	701	.	.
698	475	.	.	.	.	.	.	.	.	.	.	.	.	.	.	.	.
699	475	.	.	.	.	.	.	.	.	.	.	.	.	.	.	.	.
700	475	.	.	.	.	.	.	.	.	.	.	.	.	.	.	.	.
701	475	.	.	.	.	.	.	.	.	.	.	.	.	.	.	.	.
702	475	.	.	.	.	.	.	.	.	.	.	.	.	.	.	.	.
703	475	690	697	.	.	.	.	697	682	692	693	.	.	692	.	693	.
899	475	98	909	.	.	683	688	.	.	.	.	.	.	.	.	.	.
909	475	912	.	913	.	.	.	.	.	.	.	899	.	.	.	.	.
704	481	717	711	718	705	.	.	.	.	.	.	.	.	.	.	.	.
705	481	704	708	717	710	.	.	704	711	.	.	.	.	722	.	.	.
706	481	711	708	717	.	721	707	712	722	.	.	720	.	711	.	.	.
707	481	712	713	717	705	720	715	712	720	720	711	704	705	717	710	713	707
708	481	722	712	705	704	.	.	712	720	712	720	705	704	722	719	707	721
709	481	.	.	704	705	712	.	.	.	712	720	720	.	722	.	.	.
710	481	.	.	.	.	.	.	.	.	.	.	.	.	.	.	.	.
711	481	712	707	717	98	.	.	712	715	.	.	717	98	716	707	716	713
712	481	720	707	705	704	721	714	710	720	.	.	707	705	722	716	716	.
713	481	.	.	.	.	.	.	.	.	.	.	.	.	.	.	.	.
714	481	708	715	704	705	709	720	722	706	.	.	.	.	722	.	.	.
715	481	720	712	717	722	.	.	708	712	712	711	707	716	722	.	709	714
716	481	.	.	.	.	.	.	.	.	.	.	.	.	.	.	.	.
717	481	711	712	.	.	.	.	712	710	.	.	705	704	705	704	.	.
718	481	720	712	.	.	.	.	.	.	.	.	.	.	.	.	716	.
719	481	708	715	704	705	709	.	722	712	.	.	.	.	717	.	.	.
720	481	712	707	.	.	.	.	.	.	.	.	.	.	.	.	.	.
721	481	708	714	704	705	713	716	715	712	712	720	705	704	711	722	716	717
722	481	712	708	705	704	716	.	712	718	.	.	704	705	.	.	716	.
895	481	.	.	.	.	.	.	.	.	.	.	.	.	.	.	.	.
723	482	734	727	728	98	724	725	727	734	738	725	98	738	727	.	736	.
724	482	733	735	728	.	.	.	741	735	725	.	728	.	728	.	731	.
725	482	731	732	.	.	.	.	.	.	.	.	.	.	.	.	.	.
726	482	735	740	735	.	.	.	.	.	.	.	.	.	.	.	.	.
727	482	729	734	728	731	735	723	98	732	738	.	.	.	723	.	.	.
728	482	731	735	723	738	725	724	.	.	725	724	.	.	727	734	725	724
729	482	727	731	728	738	731	737	727	734	731	736	728	732	727	734	731	736
730	482	741	736	728	738	731	725	741	735	731	725	733	739	723	727	731	725
731	482	737	735	728	724	741	726	735	737	725	726	728	738	732	738	725	726
732																	
733	482	741	735	727	738	726	731	739	735	.	.	736	738	739	723	729	731
734	482	735	737	728	733	731	729	737	735	725	732	738	728	727	723	741	725
735	482	737	739	728	.	.	.	737	.	725	.	728	723	727	728	725	.
736	482	735	739	.	.	.	.	733	.	731	725	.	.	727	723	731	726
737	482	735	731	728	.	725	.	735	733	725	.	.	.	727	723	725	.
738	482	727	729	728	723	671	737	737	735	723	725	732	723	727	724	728	731
739	482	741	730	728	738	731	725	737	735	725	.	728	738	723	727	725	736
740																	
741	482	730	733	733	739	726	736	733	735	725	731	733	739	739	736	726	736
914	482	726	728	.	.	.	.	.	.	.	.	.	.	.	.	.	.
742	483	.	.	758	757	743	746	744	.	744	.	752	.	.	.	.	.
743	483	759	754	753	.	746	.	.	.	.	.	753	.	.	.	746	.
744	483	754	746	.	.	743	747	758	744	757	754	748	.	749	759	743	746
745	483	759	750	.	.	743	746	754	755	.	.	753	749	742	745	747	743
746	483	.	.	.	.	.	.	.	.	.	.	.	.	.	.	.	.
747	483	.	.	749	.	746	.	743	759	754	.	744	.	748	.	747	743
748	483	.	.	.	.	.	.	.	.	.	.	.	.	.	.	.	.
749	483	759	754	752	744	743	746	755	742	746	747	755	759	.	.	746	747
750	483	754	.	753	.	746	743	.	.	754	.	753	.	.	.	.	.
751	483	754	.	.	.	.	.	744	.	.	.	752	.	.	.	746	743
752	483	745	.	.	.	.	.	758	744	.	.	.	.	748	.	746	.
753	483	757	749	758	751	.	.	.	.	.	.	748	750	752	742	747	746
754	483	.	.	.	.	.	.	.	.	.	.	.	.	.	.	.	.
755	483	759	754	744	.	746	743	758	759	.	.	748	.	749	.	743	747
756	483	750	755	744	753	747	746	744	757	744	747	748	.	.	.	743	747
757	483	748	756	744	753	746	743	744	754	756	748	748	.	749	750	758	757
758	483	754	755	749	744	746	743	754	744	.	.	753	.	749	752	746	747
759	483	.	.	.	.	.	.	.	.	.	.	.	.	.	.	.	.
900	483	748	755	749	742	756	717	744	747	746	743	748	752	742	752	746	.
760	484	764	769	771	763	764	767	776	769	767	.	775	.	760	.	770	764
761	484	768	764	768	764	768	764	768	764	768	764	768	764	768	764	768	764
762	484	776	765	.	.	767	769	776	769	767	904	774	.	.	.	760	770
763	484	.	.	.	.	.	.	.	.	.	.	.	.	.	.	.	.
764	484	.	.	.	.	.	.	.	.	.	.	.	.	.	.	.	.
765	484	777	769	774	.	767	.	778	769	767	.	770	.	774	763	767	771
766	484	.	.	.	.	.	.	.	.	.	.	.	.	.	.	.	.
767	484	769	777	775	770	.	.	769	776	.	.	775	770	.	.	.	.
768	484	763	761	763	761	763	761	763	761	763	761	763	761	763	761	763	761
769	484	765	777	774	778	767	764	776	778	.	.	774	761	774	762	767	764
770	484	.	.	.	.	.	.	.	.	.	.	.	.	.	.	.	.
771	484	760	775	760	763	764	767	760	776	767	.	775	.	760	.	767	764
772	484	.	.	.	.	.	.	.	.	.	.	.	.	.	.	.	.
773	484	.	.	.	.	.	.	.	.	.	.	.	.	.	.	.	.
774	484	.	.	.	.	.	.	.	.	.	.	.	.	.	.	.	.
775	484	771	760	.	.	767	764	769	776	767	.	775	.	763	.	770	767
776	484	777	765	.	.	767	769	769	777	767	.	761	.	763	.	764	767
777	484	769	765	774	.	767	.	776	769	.	.	.	.	774	.	.	.
778	484	.	.	.	.	.	.	.	.	.	.	.	.	.	.	.	.
897	484	904	908	.	.	.	.	912	682	.	.	.	.	.	.	.	.
903	484	897	908	.	.	.	.	904	897	.	.	908	.	894	.	.	.
904	484	911	.	.	5	.	.	.	.	.	.	.	.	.	.	.	.
908	484	911	.	908	.	897	.	894	.	98	.	98	.	912	.	904	.
779	485	781	785	786	.	.	.	781	788	.	.	786	791	788	.	.	.
780	485	795	.	725	.	.	.	795	794	795	.	.	.	.	.	.	.
781	485	785	788	786	791	.	.	784	788	.	.	789	792	794	784	779	782
782																	
783	485	.	.	.	.	.	.	.	.	.	.	.	.	.	.	.	.
784	485	788	779	794	.	780	795	788	789	791	786	789	.	791	794	780	794
785	485	781	779	786	791	.	.	788	791	.	.	.	.	786	794	.	.
786	485	784	791	.	.	.	.	788	779	.	.	.	.	.	.	779	781
787	485	.	.	.	.	.	.	.	.	.	.	.	.	.	.	.	.
788	485	781	784	791	.	795	.	781	779	.	.	791	.	.	.	790	.
789	485	793	784	786	.	.	.	.	.	.	.	794	780	794	780	.	.
790	485	.	.	.	.	.	.	.	.	.	.	.	.	.	.	.	.
791	485	784	.	.	.	.	.	.	.	.	.	.	.	794	.	.	.
792																	
793	485	794	795	779	788	783	790	.	.	.	.	780	.	.	.	.	.
794	485	795	780	795	780	795	780	795	780	.	.	795	780	.	.	98	789
795	485	.	.	.	.	.	.	.	.	.	.	.	.	.	.	.	.
797	491	810	798	801	.	804	.	807	.	.	.	.	.	797	807	.	.
798	491	.	.	.	.	.	.	.	.	.	.	.	.	.	.	.	.
800	491	797	807	811	809	803	804	806	.	804	815	809	811	811	808	803	804
801																	
802	491	.	.	.	.	.	.	.	.	.	.	.	.	.	.	.	.
803	491	807	797	800	811	804	810	806	798	804	806	800	811	797	805	804	797
804	491	807	797	811	809	804	.	806	805	804	.	811	809	815	.	797	804
805	491	798	806	.	.	.	.	806	.	804	.	815	.	.	.	.	.
806	491	810	798	815	.	804	.	805	798	804	.	815	.	813	.	804	803
807	491	798	810	804	809	803	796	806	810	804	.	800	801	811	808	802	804
808	491	800	798	811	809	804	.	800	797	804	.	815	.	98	.	.	.
809																	
810	491	798	806	.	.	.	.	.	.	.	.	.	.	.	.	.	.
811																	
813																	
814	491	798	.	811	.	804	803	806	.	804	.	800	815	811	808	804	803
815	491	798	810	811	801	803	804	815	806	803	804	802	811	815	813	803	804
816	492	829	830	819	817	821	819	819	829	830	817	826	828	826	822	821	820
817	492	831	.	827	.	820	.	.	.	821	.	.	.	.	.	828	.
818	492	820	831	827	.	.	.	.	.	825	.	828	.	.	.	821	.
819	492	829	.	816	.	820	.	830	.	825	.	824	.	830	.	821	.
820	492	823	825	.	.	821	.	831	819	.	.	817	.	827	.	827	821
821	492	818	825	827	822	820	825	828	829	825	.	822	.	.	.	.	.
822	492	816	.	819	.	820	.	830	.	818	.	828	.	822	.	816	.
823	492	831	820	.	.	820	.	819	829	.	.	821	.	.	.	816	821
824	492	829	828	819	817	816	820	830	831	818	821	826	828	822	817	822	816
825	492	823	820	827	.	821	820	823	831	.	.	827	816	.	.	817	831
826	492	831	820	.	.	.	.	819	830	.	.	.	.	829	.	821	827
827	492	823	820	.	.	.	.	828	.	.	.	825	831	.	.	821	818
828	492	829	824	.	.	820	821	819	829	823	825	817	822	816	817	823	816
829	492	824	828	.	.	816	.	828	.	.	.	.	.	822	.	820	.
830	492	820	829	816	.	820	.	819	.	825	.	816	.	819	.	831	823
831	492	823	820	.	.	820	821	819	825	828	.	817	825	828	.	821	816
832	493	835	.	.	.	98	.	830	.	98	.	830	.	882	.	.	.
833	493	848	838	.	.	.	.	847	842	.	.	.	.	841	.	849	850
835																	
836	493	848	838	832	.	.	.	847	848	.	.	847	843	844	.	844	.
838	493	842	848	.	.	.	.	847	840	833	.	.	.	850	843	.	.
840	493	848	838	.	.	.	.	847	.	.	.	.	.	.	.	.	.
842	493	838	.	.	.	.	.	848	.	842	.	.	.	842	.	844	.
843	493	848	849	.	.	844	.	847	.	836	.	.	.	.	.	844	.
844	493	848	838	.	.	.	.	847	.	.	.	.	.	836	.	.	.
846	493	.	.	.	.	.	.	.	.	859	861	.	.	.	.	.	.
847	493	838	848	912	.	.	.	844	842	844	.	832	840	846	912	844	836
848	493	838	835	.	.	844	833	847	849	842	.	.	.	843	.	849	850
849	493	848	838	912	.	844	.	847	840	836	844	849	850	850	843	849	850
850	493	848	838	832	835	.	.	847	849	842	844	.	.	843	850	.	.
912	493	838	836	.	.	.	.	840	835	.	.	.	.	.	.	.	.
852	494	866	858	868	854	856	.	858	866	862	.	853	.	868	867	856	862
853	494	857	859	.	.	.	.	861	.	.	.	.	.	854	868	.	.
854	494	861	868	.	.	857	.	853	868	.	.	.	.	868	.	857	.
856																	
857	494	861	866	.	.	.	.	868	858	862	.	853	.	.	.	.	.
858	494	861	866	.	.	.	.	852	866	862	.	.	.	867	868	.	.
859	494	98	.	98	.	98	.	98	.	98	.	98	.	98	98	98	.
860	494	861	852	868	854	863	867	861	866	869	.	868	853	869	867	867	867
861	494	860	859	.	.	.	.	.	.	.	.	.	.	.	.	.	.
862																	
863	494	859	860	860	859	860	859	860	859	859	860	.	.	.	.	.	.
866	494	852	861	868	.	.	.	.	.	.	.	868	854	868	854	869	863
867	494	.	.	.	.	.	.	.	.	.	.	.	.	.	.	.	.
868	494	852	866	.	.	862	.	858	866	.	.	.	.	.	.	.	.
869	494	.	.	.	.	.	.	.	.	.	.	.	.	.	.	.	.
870	495	.	.	.	.	.	.	.	.	.	.	.	.	.	.	.	.
871	495	891	880	890	885	880	891	882	889	880	888	885	889	886	887	891	880
872	495	.	.	.	.	.	.	.	.	.	.	.	.	.	.	.	.
873	495	.	.	.	.	98	.	.	.	.	.	870	.	.	.	.	.
874	495	889	881	875	887	98	880	881	889	880	98	873	875	872	884	886	876
875	495	.	.	.	.	.	.	.	.	.	.	.	.	.	.	.	.
876	495	887	886	871	877	.	.	.	.	.	.	889	.	884	.	.	.
877	495	871	891	.	.	.	.	.	.	891	.	871	.	.	.	871	891
878																	
																	
880	495	891	882	.	.	.	.	889	882	.	.	.	.	886	.	.	.
881	495	874	889	875	877	880	891	889	874	891	888	878	873	875	870	886	887
882	495	880	883	877	871	891	.	878	889	880	.	878	888	.	.	891	.
883	495	890	884	885	.	885	.	884	.	.	.	884	.	879	.	885	.
884	495	891	881	873	872	880	891	874	882	891	880	878	879	885	884	877	891
885	495	880	891	877	878	891	880	889	874	880	891	878	890	884	885	891	887
886	495	887	876	871	877	880	.	887	.	.	.	886	.	872	.	880	.
887	495	886	876	871	877	891	880	889	874	880	891	875	873	883	884	880	891
888	495	879	874	872	873	880	874	882	889	880	891	874	881	872	873	887	886
889	495	874	882	871	.	880	.	882	.	888	.	878	.	872	.	891	.
890	495	883	882	.	.	880	891	889	887	880	.	878	879	.	.	.	.
891	495	889	874	877	875	872	885	889	882	880	.	878	884	873	872	880	877
911	495	889	874	884	871	.	.	889	874	886	887	873	877	884	.	.	.
1145	571	1161	1159	1155	1152	1163	1164	1150	1158	.	.	1155	.	1151	1170	1155	.
1146	571	1158	1148	.	.	1163	1169	1160	1168	1153	.	.	.	.	.	1163	1169
1147	571	1160	1168	1170	1153	1164	1163	1148	1151	1147	1164	1153	1170	1162	1159	1147	.
1148	571	1147	1146	.	.	.	.	1160	1168	1168	1167	1151	1166	1151	1162	1163	1151
1149	571	1168	1156	1151	1170	1167	1163	1160	1148	1163	1167	1170	1151	1151	.	1167	.
1150	571	1161	1158	.	.	1164	1167	1168	1160	.	.	1151	.	1154	.	1167	.
1151	571	1162	1157	1170	.	1163	.	1146	.	1167	.	1155	.	1151	.	1151	.
1152	571	1158	.	1151	.	.	.	.	.	1151	.	1151	.	.	.	1164	.
1153	571	.	.	.	.	.	.	.	.	.	.	.	.	.	.	.	.
1154	571	1158	1168	1151	1170	1164	1167	1160	1156	1164	1167	1170	1153	1162	1159	1163	1164
1155																	
1156	571	1165	1160	1151	.	1167	1152	1158	1165	1163	1153	1154	1145	1151	1162	1163	1147
1157	571	1158	1161	.	.	1164	1163	1162	1165	.	.	.	.	1151	.	1164	.
1158	571	1150	1159	1170	.	1164	.	1160	.	1151	1164	.	.	1162	.	1164	1163
1159	571	1157	1161	1154	1158	1167	1163	1150	1168	1163	1167	1170	1153	1159	1162	1163	1167
1160	571	1158	.	.	.	1164	.	1148	1168	.	.	1170	.	1170	.	1164	.
1161	571	1149	1165	.	.	1164	.	1158	1150	1151	.	1155	.	1151	1162	1164	1163
1162	571	1161	1169	1151	.	1167	.	1150	.	.	.	.	.	1151	.	1163	1164
1163	571	1166	1164	.	.	1164	.	1166	1164	.	.	.	.	.	.	1164	.
1164	571	.	.	.	.	.	.	.	.	.	.	.	.	.	.	.	.
1165	571	1161	1149	1166	1151	1169	1163	1150	1158	1164	1169	1170	1151	1162	1150	1163	1166
1166	571	.	.	.	.	.	.	.	.	.	.	.	.	.	.	.	.
1167	571	1163	1150	.	.	.	.	1165	1168	.	.	1155	.	1151	.	1166	.
1168	571	1147	1160	1151	1170	.	.	1148	.	1152	.	1149	1156	1151	.	1163	.
1169	571	1165	1161	1151	1166	1164	1167	1165	1148	.	.	1155	1151	.	.	1163	1164
1170	571	.	.	.	.	.	.	.	.	.	.	.	.	.	.	.	.
1171	572	1184	1176	1173	.	1177	1193	1195	.	1179	1181	1173	1185	1187	1173	1193	1183
1172	572	1171	1195	1173	.	1176	.	1184	1181	.	.	1183	1189	1183	.	1176	1191
1173	572	1182	1186	1190	1174	.	.	1195	.	.	.	.	.	.	.	.	.
1174	572	1184	1171	1190	1187	1173	1175	1184	1192	1173	1181	1178	1172	1192	1173	1192	1180
1175	572	1182	1181	1182	1181	.	.	1181	1184	.	.	.	.	.	.	.	.
1176	572	1191	1193	.	.	.	.	1191	1183	.	.	1189	.	.	.	.	.
1177	572	1171	1172	.	.	.	.	.	.	.	.	.	.	.	.	.	.
1178	572	1184	1171	.	.	.	.	1195	1187	.	.	1190	1173	1192	1185	.	.
1179	572	1171	1193	.	.	1177	.	1171	1195	.	.	1183	.	.	.	.	.
1180	572	1178	1192	.	.	.	.	.	.	.	.	.	.	.	.	.	.
1181	572	1186	1182	.	.	.	.	1186	1182	1181	.	.	.	.	.	.	.
1182	572	1186	1181	.	.	.	.	1195	1184	.	.	.	.	.	.	.	.
1183	572	1191	1176	1189	1183	1172	.	1191	1193	.	.	1189	.	1189	1172	.	.
1184	572	1172	1195	1190	1173	1177	1181	1179	.	.	.	1173	1190	1186	1173	1190	.
1185	572	1178	1192	.	.	1177	.	1195	1184	1181	.	1183	.	1186	1180	.	.
1186	572	1195	1181	1213	1197	.	.	1184	.	.	.	1173	.	1187	.	.	.
1187	572	1184	1171	1173	1174	.	.	1184	1195	.	.	1173	1190	1173	1185	1178	1192
1188	572	.	.	.	.	.	.	.	.	.	.	.	.	.	.	.	.
1189	572	.	.	.	.	.	.	.	.	.	.	.	.	.	.	.	.
1190	572	1184	1186	.	.	.	.	1184	.	.	.	.	.	.	.	.	.
1191	572	1176	1183	.	.	.	.	1176	1183	.	.	1189	.	.	.	.	.
1192	572	1193	1177	1180	1178	1177	1179	1195	1184	1179	1177	1188	1183	1187	1180	1179	1177
1193	572	1191	1176	.	.	.	.	1195	1171	.	.	.	.	1183	.	.	.
1194	572	1191	.	.	.	.	.	1172	.	.	.	1193	.	1187	.	.	.
1195	572	1184	1187	1173	1190	1177	1193	1171	1177	1179	1181	1173	1185	1187	1173	1193	1183
1196	573	1199	1212	.	.	.	.	1202	1219	.	.	.	.	1218	1197	1217	.
1197	573	1219	1207	.	.	.	.	1207	1209	.	.	.	.	1213	.	1211	.
1198	573	1199	1221	1213	.	.	.	.	.	.	.	1215	.	.	.	1198	.
1199	573	1196	1212	.	.	.	.	1201	1202	.	.	.	.	1197	1213	.	.
1200	573	1208	1220	1213	.	.	.	1201	1208	.	.	1213	.	1215	.	.	.
1201	573	1220	1198	1196	1218	1208	1216	1210	1209	1200	1208	1213	1196	1213	.	1204	1220
1202	573	1199	1200	1213	.	.	.	1201	1210	.	.	1202	.	1215	.	.	.
1203	573	.	.	.	.	.	.	.	.	.	.	.	.	.	.	.	.
1204	573	1210	1211	1213	1215	1216	1205	1219	1201	.	.	1218	1196	1215	1213	1217	1205
1205	573	1196	1217	1213	.	.	.	1214	1211	.	.	1218	1202	1213	1197	1221	1204
1206	573	1216	1199	.	.	1220	.	1201	.	.	.	.	.	1213	.	1220	.
1207	573	1197	1219	1213	.	1217	.	1219	1201	.	.	1202	.	1213	.	1220	1217
1208	573	1200	1220	1213	.	.	.	.	.	.	.	.	.	1215	.	1211	.
1209	573	1198	1206	1213	1215	1200	1217	1201	1215	.	.	.	.	1213	.	1211	1216
1210	573	1198	1206	1213	1218	1198	.	1219	1209	.	.	1213	1196	1213	.	1217	.
1211	573	1221	1198	1219	.	.	.	1201	.	.	.	.	.	.	.	1221	.
1212	573	1199	1198	1197	1213	.	.	1218	1198	.	.	1216	1202	1197	.	1221	1211
1213	573	1220	1207	1197	.	1216	1200	.	.	1196	1215	1219	1197	1221	.	1204	.
1214	573	1219	1217	.	.	.	.	1198	1204	.	.	.	.	1213	1210	.	.
1215	573	1207	1219	1213	.	.	.	1205	1209	.	.	1215	1202	1215	.	1198	.
1216	573	1198	1217	1213	1210	.	.	1201	1215	.	.	98	1208	1213	1215	.	.
1217	573	1221	1201	1213	1215	1200	1208	1201	1203	1208	.	1213	1215	1213	.	1204	1208
1218	573	1198	1199	1213	1197	1217	1211	1216	1201	.	.	1215	1213	1213	1197	1211	.
1219	573	1211	1221	1205	1196	1220	1200	1201	1204	1213	1215	1205	1213	1213	1215	1220	1200
1220	573	1206	1209	1213	1215	1206	1208	1201	1219	1208	1215	1213	1210	1213	1210	1217	1205
1221	573	1211	1204	1213	.	1217	.	1201	1202	1196	.	1202	.	1210	1213	.	.
1222	581	1242	1237	1224	1247	1245	1223	1246	1225	1245	1223	1224	1228	1226	1239	1243	1245
1223	581	.	.	.	.	.	.	.	.	.	.	.	.	.	.	.	.
1224	581	1237	1231	1236	1228	1229	1235	1236	1225	1235	1223	1236	1243	1236	1232	1223	1235
1225	581	1232	1242	1235	1230	1223	1245	1246	1232	1235	1223	1223	1232	1226	1237	1248	1233
1226	581	1242	1246	.	.	1245	1222	1246	1225	1223	1235	1224	1228	1237	1226	1239	1248
1227	581	1238	1229	1235	.	.	.	1247	1241	1235	.	1235	.	1224	.	1235	.
1228	581	1230	1246	1236	1224	1240	1229	1230	1246	1226	.	1224	.	1224	.	1240	1235
1229	581	1244	1241	.	.	1223	.	1246	1232	1235	.	.	.	1226	.	1223	1234
1230	581	1233	1228	.	.	1223	.	1228	1246	.	.	1224	1243	1248	1230	1223	1234
1231	581	1242	1246	1243	1236	1240	.	1228	.	1228	.	1243	.	1224	.	.	.
1232	581	1246	1245	1235	1243	1223	1225	1246	1247	1223	.	1243	1224	1226	1248	1223	1225
1233	581	1248	1230	1223	1230	1248	1222	1246	1247	1223	1235	1224	1235	1226	1237	1248	1244
1234	581	1240	1244	1235	1233	1225	1245	1232	1229	1245	1223	1224	1236	1235	1240	1234	98
1235	581	1248	1230	.	.	.	.	1246	1225	.	.	1299	1285	1248	1226	1223	1248
1236	581	1224	1244	1243	1228	1224	1235	1225	1246	1235	1243	1228	1237	1224	1230	1223	1245
1237	581	1231	1242	1236	1230	1223	1234	1225	1246	1223	1245	1228	1230	1235	1224	1223	1238
1238	581	1244	1237	1243	1236	.	.	.	.	.	.	1243	1235	1224	1243	1240	1242
1239	581	.	.	.	.	.	.	.	.	.	.	.	.	.	.	.	.
1240	581	1244	1246	1224	1235	1225	1245	1246	1237	1235	1245	1244	.	1236	1240	1243	1224
1241	581	1246	1229	1236	1226	1222	1229	1246	1247	1235	1245	1235	1223	1235	1230	1224	1238
1242	581	1231	1248	1247	1243	1238	1245	1246	1230	1245	1223	1235	1224	1228	1232	1240	1245
1243	581	1230	1231	1224	1235	1245	1229	1246	1225	1223	1234	1235	1224	1226	1248	1243	1238
1244	581	1237	1240	1228	1236	1223	.	1242	1246	1223	.	1228	.	1224	.	1245	.
1245	581	1234	1242	1244	1239	1240	1223	1246	1242	1236	1238	1239	1244	1224	1226	1240	1228
1246	581	1232	1225	1243	.	1223	.	1225	1242	.	.	1235	1243	1237	1236	1223	1234
1247	581	.	.	.	.	.	.	.	.	.	.	.	.	1224	1236	.	.
1248	581	1242	1222	.	.	.	.	1246	.	.	.	.	.	.	.	.	.
1249	582	.	.	.	.	.	.	.	.	.	.	.	.	.	.	.	.
1250	582	1273	1255	.	.	.	.	1250	1264	.	.	.	.	1270	1267	.	.
1251	582	1259	1273	1254	.	1257	.	1273	.	1257	.	1254	.	.	.	1254	1257
1252	582	1255	1268	.	.	.	.	1273	1255	.	.	1256	1260	1256	1267	.	.
1253	582	1249	1258	.	.	1271	.	1261	.	.	.	.	.	.	.	.	.
1254	582	1273	1274	1256	1262	1257	1271	1251	1273	.	.	1251	1256	1266	1270	1257	1253
1255	582	1263	1261	.	.	1271	.	1263	1273	.	.	.	.	1256	1270	1257	.
1256	582	1261	1268	1267	1266	1271	1257	1261	1273	.	.	1266	.	.	.	.	.
1257	582	1273	1268	.	.	.	.	1255	1261	.	.	.	.	1266	1256	.	.
1258	582	1253	1263	1252	.	1263	.	1263	1255	.	.	1263	1253	1263	1250	1253	.
1259	582	1251	1268	.	.	.	.	1251	.	1251	.	.	.	.	.	.	.
1260	582	1270	1273	.	.	1271	.	1270	1268	.	.	.	.	.	.	1257	1254
1261	582	1249	1255	1266	1267	1271	1257	1258	1255	.	.	1266	1252	1270	1256	1253	1257
1262	582	1268	98	1267	1266	1257	1254	98	1270	.	.	1266	1256	1270	1267	1257	1254
1263	582	.	.	.	.	.	.	.	.	.	.	.	.	.	.	.	.
1264	582	1259	1261	1266	1256	1257	1249	1250	1261	1258	.	1272	1256	.	.	1257	.
1265	582	.	.	.	.	.	.	.	.	.	.	.	.	.	.	.	.
1266	582	1268	1274	1256	.	1257	1271	1264	1261	.	.	1256	1267	1256	1270	1259	1254
1267	582	1270	1268	.	.	.	.	1264	1270	.	.	1272	1266	1266	1262	.	.
1268	582	1259	1270	1256	1252	1255	1253	1269	1261	.	.	1262	1256	1266	1267	1254	1253
1269	582	1268	1257	1266	1256	1257	1252	1264	1261	.	.	1272	1266	1268	1270	1254	1253
1270	582	1270	1258	1256	1267	1257	1261	1263	1261	1257	1271	1267	1256	1270	1256	1257	1271
1271	582	1253	1258	.	.	.	.	.	.	.	.	.	.	.	.	.	.
1272	582	1253	1255	1266	1256	.	.	.	.	.	.	.	.	1266	1256	.	.
1273	582	1257	1255	.	.	.	.	1263	1251	.	.	.	.	.	.	.	.
1274	582	1254	1259	.	.	1257	1271	1270	1273	.	.	1267	1256	1262	1256	1250	1263
1275	584	1280	1300	1285	1299	1288	1291	1284	1279	1291	1277	1285	1299	1287	1289	1288	1291
1276	584	1280	1300	1287	1299	1288	.	1294	.	1288	.	1299	.	1287	.	1288	.
1277	584	1280	1292	1287	1299	1282	1291	1280	1296	1291	1299	1287	1299	1275	1287	1291	1298
1278	584	1300	1280	1285	1289	.	.	1284	1275	.	.	1275	1285	1289	1285	1298	1289
1279	584	1280	1300	1287	.	1291	.	1294	1278	.	.	1299	.	1287	1275	1291	.
1280	584	1300	1275	1289	1299	1277	.	1294	.	1292	.	1292	.	1275	1284	.	.
1281	584	1294	1280	.	.	1291	.	1290	.	1292	.	1275	1299	.	.	1286	1277
1282																	
1283	584	1281	1294	1299	.	1293	1288	1300	1281	1292	1291	1285	1296	1287	1275	1288	1291
1284	584	1300	1280	1289	1285	.	.	1275	1278	.	.	1285	1299	1299	1285	1288	1293
1285	584	.	.	.	.	.	.	.	.	.	.	.	.	.	.	.	.
1286	584	1288	1300	1299	1289	1288	1286	1294	1275	1297	.	1299	1285	1287	1284	1288	1291
1287	584	1278	1300	.	.	1288	1277	1275	1296	.	.	1275	.	1285	1289	1288	1298
1288	584	1300	1281	.	.	.	.	1294	1275	.	.	1285	.	.	.	.	.
1289	584	1280	1298	1299	1285	.	.	.	.	.	.	1285	1292	.	.	.	.
1290	584	1294	1288	.	.	1288	.	1294	1281	.	.	1275	.	1275	.	1288	1290
1291	584	1294	1288	1284	1287	1288	.	1294	1275	.	.	1285	1289	1287	1299	1288	1286
1292	584	.	.	.	.	.	.	.	.	.	.	.	.	.	.	.	.
1293	584	1294	1288	.	.	1288	.	.	.	1291	.	.	.	.	.	.	.
1294	584	1288	1275	.	.	.	.	1300	1281	.	.	.	.	1275	1287	1291	1288
1295	584	1280	1300	1299	1285	1293	1277	1275	1284	1292	1291	1285	1292	1275	1287	1277	1291
1296	584	1290	1300	1283	.	.	.	1281	1275	.	.	1299	.	1287	1292	1286	1291
1297	584	.	.	.	.	.	.	.	.	.	.	.	.	.	.	.	.
1298	584	1289	1285	1292	1279	1288	1291	1285	1279	1292	1291	1299	1285	1289	1299	1297	1291
1299	584	1300	.	1289	1285	1291	.	1294	.	1292	.	1285	.	1287	.	1286	.
1300	584	1283	1280	1289	1296	1288	1298	1281	1284	1300	1292	1285	1296	1296	1289	1298	1288
1301	591	1304	1308	.	1311	1311	1305	.	.	98	1314	.	.	1318	1302	.	.
1302	591	1303	.	1315	1318	.	.	.	.	.	1301	.	.	.	.	.	.
1303	591	1307	1304	1302	1318	1304	1305	1318	1306	1305	.	1320	.	1317	1302	1303	.
1304	591	1303	1307	1302	1318	1305	1301	1311	1313	.	.	.	.	1317	1302	1305	1301
1305	591	.	.	.	.	.	.	.	.	.	.	.	.	.	.	.	.
1306	591	1303	1307	1318	1302	1305	1304	1308	1311	.	.	1302	1318	1317	1313	1305	1320
1307	591	1306	1303	1318	1315	1305	1304	1311	1317	1305	1301	1302	1318	1317	1318	1304	1305
1308	591	1606	1303	1302	1318	1304	1301	1315	1316	1309	1303	1320	1307	1317	1302	1313	1316
1309	591	.	.	.	.	.	.	.	.	.	.	.	.	.	.	.	.
1310	591	1314	98	.	.	1303	1301	.	.	1304	1301	.	.	1302	1318	1305	1303
1311	591	1303	1307	.	.	1308	.	1306	1303	.	.	.	.	1308	1306	1307	.
1312	591	1307	1306	1320	.	1305	1319	1307	1308	1305	1309	1320	.	1317	1308	1305	1319
1313	591	1304	1307	1318	1316	1305	1301	1306	1308	1310	1305	1320	1315	1302	1318	1305	1311
1314	591	1303	1301	.	.	1305	.	.	.	.	.	.	.	.	.	.	.
1315	591	1316	1317	1302	1320	1304	1305	1302	1318	1304	1305	1320	1318	1317	1302	1305	1304
1316	591	1317	1313	1318	1302	1305	1304	1317	1313	1304	1301	1318	1320	1318	1302	1305	.
1317	591	1303	1316	1318	1302	1305	1304	1306	1318	1320	1309	1318	1302	1316	1318	1305	1304
1318	591	1308	1310	1302	1316	1305	1304	1315	1317	1305	1309	1302	1316	1317	1320	1305	1307
1320	591	1308	1306	.	.	1305	.	1311	.	.	.	1303	.	1318	.	1305	.
1321	592	1325	1339	1329	1339	1321	1329	1325	1326	1333	1327	1339	1338	1329	1338	1329	1323
1322	592	.	.	.	.	.	.	.	.	.	.	.	.	.	.	.	.
1323	592	1332	1334	.	.	1321	1330	1332	1326	1330	.	1339	1325	1336	.	1321	.
1324	592	1335	1334	1339	1338	1321	1323	1327	1332	1330	.	1328	1339	1337	1339	1330	1323
1325	592	.	.	.	.	.	.	.	.	.	.	.	.	.	.	.	.
1326	592	1331	1334	1333	1338	1334	1321	1332	1324	1321	.	1325	.	1339	1338	1323	1336
1327	592	1335	1334	1339	1338	1323	1330	1332	1326	.	.	1339	1338	1333	1330	1330	1321
1328	592	1335	1334	1338	1339	1323	1333	1326	1332	1325	1329	1332	1326	1333	1330	1321	1330
1329	592	1325	.	1339	1338	1321	.	1321	.	.	.	.	.	1339	1338	1325	1321
1331	592	1334	1332	.	.	1334	.	1326	.	1330	.	.	.	1330	.	1322	1323
1332	592	1331	1336	1338	1339	1334	1321	1326	1328	1330	.	1325	.	1333	1330	1322	1330
1333	592	1325	1326	1338	1339	.	.	1324	1328	.	.	.	.	.	.	1323	.
1334	592	1331	1332	.	.	.	.	1332	1326	.	.	1326	1333	1333	1322	1330	1321
1335	592	1331	1332	.	.	.	.	1332	1326	1330	.	.	.	.	.	1322	1330
1336	592	1332	1331	.	.	.	.	1327	.	.	.	.	.	1339	1338	.	.
1337	592	1327	1328	.	.	1321	.	1324	1326	.	.	.	.	.	.	1329	.
1338	592	1325	1329	1325	1329	1321	1329	1330	98	.	.	98	.	.	.	1329	.
1339	592	.	.	.	.	.	.	1321	.	.	.	1326	1332	.	.	1329	.
1340	593	1343	1347	1354	1341	1343	.	1357	1358	.	.	1358	1354	1358	1354	1343	.
1341	593	1344	1351	1341	1354	1343	1357	1342	.	1344	1343	1348	1350	1341	1360	1346	.
1342	593	1358	1347	1346	1356	1343	.	1347	1357	1343	.	1345	1356	1341	.	1349	1343
1343	593	1358	1357	1354	1341	1352	1359	1358	1357	.	.	1348	1354	1341	1354	1349	1340
1344	593	1357	1358	1346	1341	1343	.	1357	1347	1343	.	1351	.	1346	.	1343	.
1345	593	1341	.	1347	.	1343	.	1348	.	1343	.	1347	.	98	.	.	.
1346	593	1358	1347	1343	.	1343	.	1347	1358	1343	.	1354	.	1354	.	1352	.
1347	593	1358	1342	1348	1356	1343	1357	1358	1342	1343	1344	1348	1346	1346	1356	1343	1349
1348	593	1341	.	1358	.	1355	.	1349	.	1343	.	1347	.	1348	.	1357	.
1349	593	1348	1340	1354	1341	1343	.	1360	1341	1360	1341	1354	1352	1341	1354	1343	.
1350	593	1344	.	1354	1341	.	.	1351	1359	1343	.	.	.	.	.	1349	.
1351	593	1343	1353	1346	1356	1343	1344	1358	1359	1343	.	1348	1356	1354	1341	1343	1355
1352	593	1359	1347	1354	1341	1343	.	1358	1347	1343	.	1354	1348	1354	1341	1343	1349
1353	593	1349	1359	1354	1356	1343	1357	1358	1347	1343	1344	1354	1347	1346	1356	1343	1351
1354	593	.	.	.	.	.	.	.	.	.	.	.	.	.	.	.	.
1355	593	1358	1343	1347	1346	1343	.	1358	1357	1343	.	1347	.	1356	1346	1343	1357
1356	593	1347	1358	1348	1346	1355	1342	1358	1347	1355	1347	1347	1346	1346	1348	1358	1355
1357	593	1358	1347	1341	1358	1343	.	1357	1358	1343	.	1354	1360	1354	1341	1343	.
1358	593	1355	1347	1356	1346	1343	.	1357	1342	1343	.	1356	1348	1346	1356	1343	1350
1359	593	1340	1356	1354	1349	1343	.	1347	.	1352	.	1352	.	1354	1346	1357	1354
1360	593	.	.	.	.	.	.	.	.	.	.	.	.	.	.	.	.
1361	671	1378	1379	98	1385	1382	1369	1368	1371	1373	.	1380	1375	1366	1381	1363	1376
1362	671	1372	1368	.	.	1378	1373	1364	1363	1373	.	98	.	1367	1372	1379	1382
1363	671	1374	1370	1367	1376	1364	1375	1375	1366	1364	.	1364	1385	1374	1372	1375	.
1364	671	1363	1370	1367	1376	1364	.	1364	1370	1364	.	1364	1376	1372	1371	.	.
1365	671	1364	1368	1376	1367	.	.	1364	1370	.	.	1376	.	1372	.	.	.
1366	671	1369	1383	1385	.	1379	1378	1364	1374	1376	.	98	1373	1371	1381	1376	1377
1367	671	1364	1381	1376	1363	1363	1364	1364	1365	.	.	1380	1376	1377	1370	.	.
1368	671	1371	1366	98	1385	1378	1373	1372	1362	.	.	1385	.	1385	1371	1378	1373
1369	671	1366	1383	.	.	1378	1379	1364	1373	.	.	98	.	1372	1384	1376	1377
1370	671	1376	1380	1376	1380	1376	1375	1364	1363	1377	1364	1380	1375	1377	1380	1380	1367
1371	671	1368	.	.	.	.	.	1381	1372	.	.	.	.	1372	.	1376	.
1372	671	1368	1376	1385	.	1379	1370	1365	1364	1373	.	1384	.	1371	1374	1378	1379
1373	671	1366	1371	1367	1377	1380	1365	1364	1366	98	1382	1378	1366	1385	1384	1379	1376
1374	671	1375	.	.	.	.	.	1364	.	.	.	.	.	.	.	.	.
1375	671	.	.	.	.	.	.	1364	1381	.	.	.	.	.	.	.	.
1376	671	1380	1370	.	.	.	.	.	.	.	.	.	.	.	.	.	.
1377	671	1370	1382	.	.	.	.	1364	1381	.	.	98	.	1367	.	.	.
1378	671	1379	1383	.	.	1369	1380	1361	1364	1373	.	1374	.	1376	.	1373	98
1379	671	1378	1383	.	.	.	.	1361	.	1373	.	.	.	.	.	.	.
1380	671	1376	1370	.	.	.	.	1370	1364	.	.	.	.	1370	.	.	.
1381	671	1371	1368	1385	1384	1376	1380	1364	1363	1370	1365	1385	.	1384	1385	1376	1375
1382	671	1384	1385	.	.	1382	98	1385	98	.	.	.	.	1371	1365	98	1382
1383	671	1361	1382	.	.	1365	.	1379	1361	.	.	.	.	.	.	.	.
1384	671	1362	1371	1385	1372	1379	1373	1381	1383	.	.	1385	.	1385	1372	1373	1369
1385	671	1362	1368	1384	1372	1379	1373	1366	1383	.	.	1384	1362	1362	1371	1379	1378
1386	672	1410	1401	1404	1405	1401	1410	1386	1394	1401	.	1404	.	1409	1404	.	.
1388	672	1388	1395	1391	.	1403	1401	1408	1398	1401	.	1404	.	1409	.	1388	.
1389	672	1398	1400	.	.	.	.	1408	.	.	.	.	.	1409	.	.	.
1391	672	1388	1387	.	.	1397	1402	1387	.	1401	.	1404	1386	1409	.	1410	1403
1392	672	1403	1386	.	.	.	.	1408	1410	1394	1407	.	.	.	.	.	.
1393	672	1410	1399	.	.	1401	1398	1386	1408	1401	.	.	.	1409	.	.	.
1394	672	1402	1407	1405	1390	1401	1389	1402	1408	1401	1397	1408	1405	1408	1409	1388	1386
1395	672	1393	1406	1404	.	.	.	1410	.	1401	.	1389	.	1386	1387	1397	.
1396	672	.	.	.	.	.	.	.	.	.	.	.	.	.	.	.	.
1397	672	1407	1402	1404	1386	1401	1398	1408	1407	1401	1389	1404	.	1409	1405	1386	1388
1398	672	1389	1410	.	.	.	.	1397	1408	.	.	.	.	.	.	1388	.
1399	672	1393	1403	1405	1390	1388	1403	1397	1408	1389	1401	1404	1408	1404	1409	1397	1389
1400	672	1405	.	.	.	1401	.	.	.	.	.	.	.	.	.	.	.
1401	672	.	.	.	.	.	.	.	.	.	.	.	.	.	.	.	.
1402	672	1394	1410	.	.	1401	.	1408	1406	1401	.	1407	.	1409	.	1403	.
1403	672	1392	1397	.	.	1388	.	.	.	1408	.	1409	.	1388	.	1386	.
1404	672	1399	1404	1390	1405	1407	1409	1399	1404	1401	1389	1389	1396	1409	1404	1397	1393
1405	672	1400	.	.	.	.	.	.	.	.	.	.	.	.	.	.	.
1406	672	1410	1393	1404	.	1393	1401	1408	1398	1403	1399	1408	1404	1409	1405	1393	1395
1407	672	1401	1399	.	.	1401	1393	1386	1408	.	.	.	.	1408	.	.	.
1408	672	1410	1397	1409	1404	1401	1410	1402	1397	1401	1400	1404	1405	1409	1386	1393	1395
1409	672	.	.	.	.	1401	.	.	.	1401	.	.	.	1409	1404	1410	1401
1410	672	1398	1408	1405	1404	1401	1400	1408	1391	1401	1403	1404	1408	1408	1409	1387	1393
1411	673	1405	1417	1415	.	1431	1432	1417	1420	.	.	1420	.	1435	1417	1431	.
1412	673	1436	1425	.	.	1429	.	1428	1416	.	.	.	.	1417	.	1424	.
1413	673	1423	1417	1420	.	.	.	1423	.	.	.	1420	.	1417	.	.	.
1414	673	1416	1426	1417	1435	1429	1425	1421	1416	1431	1432	1418	1436	1435	1417	1431	1428
1415	673	1427	1418	1417	.	1429	1419	1414	1411	1431	1429	1420	1432	1417	.	1429	.
1416	673	1428	1433	.	.	1431	1432	1414	1434	1431	1429	1420	1426	1435	1417	1419	1431
1417	673	1435	1415	.	.	.	.	1422	1411	.	.	1420	.	1417	1415	.	.
1418	673	1428	1416	1427	1435	1422	.	1427	1426	1431	.	1411	1432	1427	.	1430	1436
1419	673	.	.	.	.	.	.	.	.	.	.	.	.	.	.	.	.
1420	673	.	.	.	.	.	.	.	.	.	.	.	.	.	.	.	.
1421	673	.	.	.	.	.	.	.	.	.	.	.	.	.	.	.	.
1422	673	.	.	.	.	.	.	.	.	.	.	.	.	.	.	.	.
1423	673	1435	1415	1417	.	.	.	1414	1421	.	.	1417	.	1417	.	1429	.
1424	673	1423	1433	.	.	1431	.	1418	1427	1429	1431	1411	.	1417	.	1424	1425
1425	673	1424	1433	.	.	1424	.	1416	1434	1431	1432	1427	1418	1417	1435	1425	1424
1426	673	1416	1428	1417	1411	1431	.	1416	1433	1431	1429	1420	.	1417	.	1431	1429
1427	673	1416	1432	1420	1411	1431	1419	1414	1416	1431	.	1420	.	1417	1411	1436	1430
1428	673	1426	1416	1434	.	.	.	1416	.	.	.	1434	1433	.	.	.	.
1429	673	1426	1416	1411	.	.	.	1426	1416	.	.	1427	1419	1417	1411	1429	1424
1430	673	1416	1428	1417	1420	1429	1419	1426	1435	1431	1432	1417	1420	1417	.	1429	1424
1431	673	.	.	.	.	.	.	.	.	.	.	.	.	1417	.	.	.
1432	673	1422	1435	.	.	1431	.	1420	1415	1431	.	1411	1432	.	.	.	.
1433	673	1428	1416	1420	.	1428	1431	1416	.	1431	.	1415	.	1417	1435	1424	.
1434	673	1416	1428	1420	.	1428	.	1416	.	1431	.	1415	.	1417	1435	1424	.
1435	673	1414	1422	.	.	1429	1430	1414	1421	1431	1429	.	.	.	.	.	.
1436	673	1419	1429	.	.	.	.	1419	.	.	.	.	.	1419	1436	1419	1429
1437	674	1439	1455	1439	1460	.	.	1439	1449	.	.	1459	1453	1441	.	.	.
1438	674	1454	1445	1441	1460	1442	1457	1449	1458	.	.	1441	1460	1441	1452	1457	1442
1439	674	.	.	.	.	.	.	.	.	.	.	.	.	.	.	.	.
1440	674	.	.	.	.	.	.	1437	1439	.	.	.	.	1441	.	.	.
1441	674	.	.	.	.	.	.	.	.	.	.	.	.	.	.	.	.
1442	674	1451	1452	.	.	1442	.	.	.	.	.	.	.	.	.	.	.
1443	674	1449	1448	.	.	1450	.	1437	1449	.	.	.	.	1441	.	1450	.
1444	674	1454	1447	.	.	1442	.	1458	1460	.	.	1443	.	1441	1460	1450	.
1445	674	1458	1454	1441	1453	1442	.	.	.	1442	.	1441	.	1441	.	.	.
1446	674	1457	1458	1441	1453	.	.	1445	1437	.	.	1441	.	1441	.	1450	1462
1447	674	1457	1445	1441	.	1442	1440	1460	1456	.	.	1441	.	1441	.	1450	1459
1448	674	1462	1461	.	.	.	.	1443	1462	.	.	.	.	.	.	.	.
1449	674	1443	1451	1453	.	1442	1447	1455	1437	1442	.	1460	1440	1441	.	1450	1456
1450	674	1451	1449	.	.	.	.	.	.	.	.	.	.	.	.	.	.
1451	674	1442	.	98	.	1442	.	1437	.	1456	.	1443	.	1453	.	1461	.
1452	674	1442	1448	.	.	.	.	1455	1437	.	.	.	.	1441	.	1452	.
1453	674	.	.	.	.	.	.	.	.	.	.	.	.	.	.	.	.
1454	674	1457	1446	1458	1446	98	1456	1438	1456	1461	1457	1444	1458	1445	1446	1456	1458
1455	674	1452	1453	.	.	.	.	1452	.	.	.	.	.	1441	.	.	.
1456	674	1447	1458	.	.	.	.	.	.	.	.	.	.	.	.	.	.
1457	674	1454	1458	1441	.	1442	.	1458	1438	.	.	1441	.	1441	.	1457	.
1458	674	1454	1448	1441	.	1442	.	.	.	.	.	1441	.	.	.	1450	.
1459	674	.	.	.	.	.	.	.	.	.	.	.	.	.	.	.	.
1460	674	1463	1439	1441	1455	.	.	.	.	.	.	.	.	1441	1455	.	.
1461	674	1448	1462	.	.	.	.	.	.	.	.	.	.	.	.	.	.
1462	674	1448	1461	.	.	.	.	1461	1451	.	.	.	.	1441	.	1451	.
1463	674	1452	1459	1441	.	1450	.	1443	.	.	.	1460	.	.	.	1450	.
1464	681	1470	1467	1464	1467	1479	1467	1488	1484	1470	1466	1489	1490	1474	1472	1471	1482
1467	681	1481	1471	1464	1474	1490	1487	1481	1488	1479	.	1479	.	1464	1474	1490	1478
1468	681	.	.	.	.	.	.	.	.	.	.	.	.	.	.	.	.
1469	681	1473	1479	1474	1482	1491	1487	1473	1484	1479	1480	1680	1475	1469	1488	1491	1487
1470	681	1464	1489	1464	1467	1479	1490	1484	1488	1479	1475	1479	1467	1470	1469	1490	1472
1471	681	1470	1472	1474	.	1479	.	1472	1484	1479	.	1469	.	1474	1464	1487	1480
1472	681	1473	1471	1482	1474	1487	1491	1472	1680	1491	1487	1479	1482	1464	1468	1487	1491
1473	681	1469	1489	1479	1474	1480	1487	1481	1488	1491	1479	1479	1471	1464	1482	1491	1490
1474	681	1470	1474	1470	1482	98	1475	1482	1474	1489	98	1470	98	1464	1474	1490	1464
1475	681	1491	1487	1468	1474	1480	.	1473	1484	1475	.	1482	1469	1464	1483	1480	.
1476	681	1473	1489	1483	.	1469	1467	1481	1473	1487	1479	1483	1680	1467	1464	1487	1478
1477	681	1485	1489	1474	1464	1487	1491	1490	1488	1491	1479	1475	1479	1474	1464	1490	1487
1478	681	1489	1490	1485	.	1490	1480	1489	1490	1480	.	1485	.	.	.	1490	1480
1479	681	1489	1480	.	.	.	.	1464	.	1479	.	.	.	1464	1474	1491	1487
1480	681	1489	1485	.	.	1491	.	.	.	1475	.	.	.	.	.	1491	1487
1481	681	1473	1488	1474	1464	1487	1490	1484	1471	1475	1491	1479	1464	1470	1464	1490	1480
1482	681	1473	1479	1464	1474	1491	1487	1488	1482	1491	1479	1479	1482	1470	1488	1491	1487
1483	681	1473	1481	1474	.	1490	1487	1484	1481	1479	.	1476	.	1464	1468	1480	.
1484	681	1473	1470	1474	1476	1479	1480	1473	1488	1479	1487	1467	1464	1680	1482	1468	1487
1485	681	1490	1477	1474	.	.	.	1490	1484	1479	.	1478	.	1475	.	1485	1490
1486	681	.	.	.	.	.	.	.	.	.	.	.	.	.	.	.	.
1487	681	1479	1473	.	.	1490	.	1489	.	.	.	.	.	1474	.	1490	1487
1488	681	1471	1473	1474	.	1479	.	1482	1680	1491	1479	1479	1468	1482	1474	1487	1491
1489	681	1477	1485	1474	1464	1479	1487	1490	1484	1479	1491	1475	1485	1482	1470	1490	1491
1490	681	1489	1484	1474	.	1487	1491	1473	1489	1491	.	1475	.	1464	1474	1480	1490
1491	681	1487	.	.	.	.	.	1489	.	1479	.	.	.	.	.	1480	.
1680	681	1473	1470	.	.	1480	1487	1473	.	1491	.	.	.	1474	.	1480	.
1492	682	1503	.	1493	.	1510	.	1503	.	1508	.	.	.	1492	.	1498	.
1493	682	1501	1494	1512	.	.	.	1502	.	.	.	.	.	1512	.	1516	.
1494	682	1507	.	.	.	1516	.	1494	.	1516	.	1516	.	1493	.	1516	.
1495	682	1516	1503	1493	1512	1513	98	1506	1513	1496	1497	1511	1504	1512	1499	1511	1513
1496	682	1506	1513	1493	1492	1516	1513	1515	1506	1497	1498	1492	1493	1503	1494	1516	1495
1497	682	1498	1509	1503	1512	.	.	1498	1503	.	.	.	.	1503	1509	1498	1510
1498	682	1508	1510	1512	1509	1497	1510	1508	1509	1497	1508	1512	1503	1509	1512	1497	1510
1499	682	1509	1508	.	.	.	.	1498	98	.	.	.	.	.	.	.	.
1500	682	1516	1507	.	.	.	.	1506	1505	1516	1513	1503	.	1493	1499	1516	.
1501	682	1494	1514	1504	1503	98	1492	1500	1502	.	.	1501	1504	1493	1509	1507	1512
1502	682	1500	1508	.	.	98	.	1516	1503	1496	.	1501	.	1512	.	1497	1498
1503	682	1513	1497	1493	.	.	.	1498	.	.	.	1516	1512	.	.	.	.
1504	682	1494	1499	1503	1512	1497	1498	1514	1502	1510	98	1516	1511	1493	1499	1498	1512
1505	682	1516	1506	.	.	.	.	.	.	.	.	1512	.	.	.	1511	.
1506	682	1508	1505	.	.	1513	1497	1509	1516	1498	1513	1503	1501	1494	1512	1516	98
1507	682	1508	.	.	.	98	.	1511	1506	1516	.	1511	.	1503	.	1515	.
1508	682	.	.	.	.	.	.	.	.	.	.	.	.	.	.	.	.
1509	682	.	.	1521	.	.	.	1503	.	.	.	1521	.	1521	.	.	.
1510	682	.	.	.	.	.	.	.	.	.	.	.	.	.	.	1498	.
1511	682	1508	1506	1493	1499	98	1513	1495	1502	98	1497	1516	1504	1499	1493	1501	1512
1512	682	1510	1515	1493	.	1498	1510	1494	1503	1498	.	1509	.	1494	.	1504	1498
1513	682	1516	1497	.	.	.	.	1503	1513	.	.	1495	.	1505	1503	1496	.
1514	682	1501	1500	.	.	98	1497	.	.	1496	98	1500	1504	1499	1509	98	1496
1515	682	1516	1508	.	.	.	.	.	.	.	.	.	.	.	.	1511	.
1516	682	1508	1514	1493	1512	1515	.	1506	1513	1497	.	1496	1511	1509	1494	1504	1508
1517	683	1534	1530	1524	1528	1522	1529	.	.	1529	1522	1524	1538	1536	.	1537	.
1518	683	1535	1517	1524	1528	.	.	.	.	.	.	.	.	.	.	.	.
1519	683	.	.	.	.	.	.	.	.	.	.	.	.	.	.	.	.
1520	683	1539	1536	1528	1524	1532	1537	1530	1534	1529	.	.	.	.	.	1522	1532
1521	683	1534	1523	1524	1523	1532	1522	1533	1535	.	.	1524	.	.	.	.	.
1522	683	1541	1533	1524	1528	1532	1537	1541	1519	1532	1537	1528	1524	1538	1524	1532	1537
1523	683	1521	1526	1521	1524	1537	1522	1533	1540	1522	1532	1528	1524	1521	1523	1522	1532
1524	683	1528	1530	1524	1538	1532	1537	1535	1531	1527	1541	1524	1535	1536	1538	1538	1522
1525	683	.	.	.	.	.	.	.	.	.	.	.	.	.	.	.	.
1526	683	.	.	.	.	.	.	.	.	.	.	.	.	.	.	.	.
1527	683	1541	1522	1525	1519	1532	1537	1541	1522	1532	1537	1525	1524	1525	1540	1532	1537
1528	683	1538	1530	1524	.	1530	.	1531	1541	1522	1532	.	.	1517	1536	1518	1537
1529	683	.	.	.	.	.	.	.	.	.	.	.	.	.	.	.	.
1530	683	1528	1526	1524	1535	1529	1532	1531	1518	1532	1529	1524	1528	1536	1517	1522	1532
1531	683	1534	1520	1524	.	1532	1537	1518	1541	1522	.	1524	.	1536	.	1532	.
1532	683	1533	1539	1524	1525	1537	1519	1519	1541	1529	1522	1528	1524	1536	1525	1537	1522
1533	683	1534	.	.	.	1532	.	1541	.	1532	.	.	.	1536	.	.	.
1534	683	1536	1521	1524	.	1529	1537	1541	1533	1532	1537	1524	1528	1536	1517	1537	1529
1535	683	1528	1526	1524	.	1532	1522	1531	1518	1529	1537	1524	1527	1536	1538	1522	1532
1536	683	1528	1534	1524	.	1532	1537	1531	1518	1529	1537	1524	1527	1538	.	1532	1522
1538	683	1528	1530	1524	1517	1530	.	1531	1541	1522	1532	1524	.	1517	1536	1518	1537
1539	683	1528	1520	1524	.	1537	1532	1531	1534	1529	1522	1517	1524	1536	1525	1522	1537
1540	683	.	.	.	.	.	.	.	.	.	.	.	.	.	.	.	.
1541	683	1525	1527	1525	1527	1522	1537	1527	1525	1532	1537	1525	1521	1525	1527	1522	1532
1542	684	.	.	.	.	1669	.	.	.	.	.	.	.	1656	.	1669	.
1543	684	1545	1547	1560	1557	1544	1562	1550	1556	1549	1563	1557	1560	1543	1555	1565	1549
1544	684	1566	1557	.	.	.	.	1567	1557	.	.	.	.	.	.	.	.
1545	684	1548	1547	.	.	.	.	.	.	.	.	1560	.	.	.	1544	.
1546	684	1565	1545	1549	1560	1565	1557	1550	1552	1549	1543	1549	1557	1543	1545	1554	1557
1547	684	1553	1565	1549	1560	1562	1544	1561	1562	1544	1559	1549	1557	1549	1560	1562	1544
1548	684	1567	1564	1560	1566	1544	1542	1550	1552	1549	1563	1549	1557	1555	1567	1544	1558
1549	684	1560	1543	1560	1555	1565	1542	1554	1552	1549	.	1549	1552	1549	1560	1544	1549
1550	684	.	.	.	.	.	.	.	.	.	.	.	.	.	.	.	.
1551	684	1549	1563	.	.	.	.	1549	1563	.	.	.	.	.	.	1551	.
1552	684	1558	1565	1560	1557	.	.	1550	1546	.	.	1560	.	1555	1560	1544	1559
1553	684	1547	1554	1560	1549	.	.	1550	1552	.	.	.	.	1567	.	1554	.
1554	684	1547	1553	.	.	.	.	1550	.	1549	1563	.	.	.	.	.	.
1555	684	1548	1544	1557	1566	1567	1548	1557	1567	.	.	1557	1567	1567	1548	1557	1544
1556	684	1558	1562	1560	1557	1563	1542	1550	1552	1542	1559	1557	1560	1543	1548	1554	1562
1557	684	1556	.	1560	.	.	.	1550	.	.	.	.	.	.	.	1565	.
1558	684	1565	1547	1557	1543	1544	1554	1560	1552	1542	.	1557	.	1543	1549	.	.
1559	684	1558	1561	1560	1557	1547	1544	1550	1552	1563	1564	1560	1549	1560	1543	1565	1545
1560	684	1568	1554	1557	1549	1559	1563	1550	1558	1559	1542	1549	1557	1549	1543	1565	1559
1561	684	1565	1558	1560	1543	1544	1568	1559	1546	.	.	1549	1560	1543	1549	1559	1544
1562	684	1561	1565	1560	1543	1568	1550	1550	1560	1550	1542	1560	1566	1543	1555	1554	1549
1563	684	1547	1553	1560	1543	1550	.	1556	1565	1549	.	1552	.	1543	1560	1554	1544
1564	684	1568	1565	1560	1543	.	.	.	.	.	.	1549	1557	1555	1549	1563	1549
1565	684	1558	1552	1560	1543	1542	.	1552	.	.	.	.	.	1566	1567	.	.
1566	684	.	.	.	.	.	.	.	.	.	.	.	.	.	.	.	.
1567	684	1544	1566	1560	1543	1544	1568	1550	1556	1559	1563	1567	1555	1567	1548	1562	1557
1569	691	1590	1576	.	.	.	.	1576	1590	1591	1582	1570	.	1581	1572	1593	.
1570	691	1576	1589	1569	1594	1579	1571	1586	1588	1588	1571	1592	1569	1590	1587	1579	1582
1571	691	1576	1590	.	.	.	.	1590	1576	.	.	.	.	.	.	.	.
1572	691	1583	1592	1575	.	1579	1571	1576	1586	1571	1588	1670	1598	.	.	1571	1579
1573	691	1569	.	1575	.	1579	.	1590	1578	.	.	.	.	.	.	1579	.
1574	691	.	.	.	.	.	.	.	.	.	.	.	.	.	.	.	.
1576	691	1590	1589	.	.	1579	1573	1590	1577	1574	.	1569	.	1569	1594	1579	1594
1577	691	1576	1583	.	.	1589	1571	1576	1590	1588	1579	1593	1592	1581	1573	.	.
1578	691	1576	1590	1569	.	1586	.	1590	1576	1570	.	1569	.	.	.	.	.
1579	691	.	.	.	.	.	.	.	.	.	.	.	.	.	.	.	.
1580	691	1590	1587	.	.	.	.	1590	.	1584	.	1585	1569	1594	.	1589	.
1581	691	1583	1585	1572	1592	1571	98	1590	1576	1582	1591	.	.	1569	1594	1579	1573
1582	691	1576	.	.	.	.	.	1576	1590	1571	1579	1569	1572	.	.	1582	.
1583	691	1589	1582	1592	1572	1586	1593	1576	1590	1571	1579	1580	1594	1569	1581	1579	1571
1584	691	1576	1587	1573	1579	.	.	1590	1588	.	.	1577	1593	1569	.	1574	.
1585	691	1590	1589	1569	1592	1579	.	1588	1586	1579	1593	1572	1571	1581	1572	1579	1587
1586	691	1590	1576	1569	.	.	.	1590	1588	.	.	1569	1585	1569	.	1593	1571
1587	691	1576	1590	1569	.	1574	.	1588	.	1593	.	1593	.	1581	1594	1571	.
1588	691	1586	1576	.	.	.	.	1576	1590	1588	.	1569	.	1569	1594	1582	.
1589	691	1576	1586	.	.	1579	1574	1576	1590	.	.	1585	.	1569	1581	1573	1579
1590	691	1569	1576	.	.	1571	1579	1576	1586	.	.	1572	1580	1569	.	1582	1579
1591	691	.	.	.	.	.	.	.	.	.	.	.	.	.	.	.	.
1592	691	1572	1589	.	.	1579	1571	1576	1590	1571	1579	1585	1593	.	.	1579	.
1593	691	1576	1582	.	.	1579	.	1590	1584	1591	1572	1585	.	1583	1587	.	.
1594	691	1576	1590	.	.	1579	1593	1576	1588	1571	1586	1569	1594	1569	1587	1579	1593
1595	692	1613	1599	1597	1615	.	.	.	.	.	.	.	.	.	.	.	.
1596	692	1621	1600	.	.	.	.	.	.	.	.	.	.	.	.	.	.
1597	692	1618	1617	.	.	1599	1615	1599	1613	.	.	.	.	.	.	1599	1615
1599	692	.	.	1597	.	.	.	.	.	.	.	.	.	.	.	.	.
1600	692	1612	98	1598	1615	1622	1617	1602	1604	.	.	1606	.	1595	.	1622	1599
1601	692	1605	1604	1609	1623	1619	.	1616	1596	.	.	1609	1608	1623	1621	1619	1621
1602	692	1616	1612	1623	.	1619	1622	1604	1613	1617	1610	1623	1605	1623	1612	1599	1619
1603	692	1604	1602	1608	1615	1622	1607	1604	1616	1619	1622	.	.	1600	1604	1622	1605
1604	692	1616	1602	.	.	1619	1610	1619	1613	.	.	1608	1615	1597	1599	1617	1623
1605	692	1607	1606	1597	1598	1622	1619	1604	1616	1614	1617	1597	1614	1600	1623	1607	1612
1606	692	1616	1602	1608	1615	1607	1622	1619	1604	1610	1619	1623	1598	1605	1609	1607	.
1607	692	1606	1612	1598	1608	1607	1622	1619	1613	1617	1610	.	.	.	.	1602	1599
1608	692	1613	1612	1615	1597	1622	1607	1604	1613	1617	1597	1615	1597	1597	1595	1615	1599
1609	692	1616	1603	1598	1608	1617	1622	1619	.	1617	.	.	.	1596	1623	1621	1615
1610	692	1613	1616	1597	1598	.	.	1604	1613	.	.	1598	.	1597	.	1599	.
1611	692	1613	1604	1615	1597	1607	.	1619	.	1610	.	1615	.	1611	.	.	.
1612	692	1600	1603	1598	1615	1619	1622	1614	1606	1606	1607	1614	1606	1623	1605	1619	1607
1613	692	1616	1595	.	.	.	.	1604	.	.	.	.	.	1597	.	1599	1615
1614	692	1623	1615	1623	1615	1607	1600	1606	1616	1607	1606	1615	1608	1600	1612	1612	1622
1615	692	1613	1620	1611	1595	1607	1617	1611	1618	1597	1599	1611	.	1606	1621	1596	1612
1616	692	1603	1612	1623	1601	1622	1619	1618	1599	.	.	1608	1619	1604	1597	1607	1615
1617	692	.	.	.	.	.	.	.	.	.	.	.	.	.	.	.	.
1618	692	1613	1611	1608	1597	.	.	1611	1618	1617	.	1617	.	1597	.	1607	.
1619	692	1616	1612	.	.	1619	.	.	.	.	.	1615	1608	.	.	1599	.
1620	692	1613	1611	.	.	.	.	1617	1618	.	.	.	.	.	.	.	.
1621	692	1601	1609	.	.	.	.	.	.	.	.	.	.	.	.	.	.
1622	692	1616	1619	.	.	.	.	1619	1604	.	.	.	.	1605	.	.	.
1623	692	1596	1600	.	.	1619	1614	1604	1606	1610	1613	1609	1623	1597	1611	.	.
1624	693	1636	1638	1626	1625	1631	1645	1624	1625	1649	1638	1632	1644	1643	1632	1645	1647
1625	693	1642	1641	1643	1644	1631	1628	1633	1635	.	.	1643	1634	1643	1644	1631	1627
1626	693	1642	.	.	.	.	.	1642	1625	.	.	1625	.	.	.	.	.
1627	693	1649	1645	1643	1635	.	.	1649	1633	.	.	1639	1643	1648	.	1638	1631
1629	693	1630	.	1644	1634	1630	1638	1635	1633	1638	1647	1635	1634	1632	1634	1638	1648
1630	693	1642	1649	1642	1649	1638	1647	1633	1649	1646	1637	1643	1629	1649	1643	1638	1645
1631	693	1645	1639	1643	1629	1638	1628	1633	1649	1638	.	1632	1635	1643	1632	1638	.
1632	693	1649	1636	.	.	.	.	1633	1639	.	.	.	.	.	.	.	.
1633	693	1642	1641	1632	1634	1631	1630	1639	1649	1649	1628	1629	1632	1632	1643	1636	1645
1634	693	1642	1645	.	.	.	.	1633	.	.	.	.	.	.	.	.	.
1635	693	1629	1630	1643	.	.	.	1633	1625	.	.	1634	.	1642	.	1645	.
1636	693	1645	1631	1643	1632	1631	1627	1633	98	.	.	1632	1643	1643	1644	1631	1638
1638	693	1645	1649	1636	1643	.	.	.	.	.	.	.	.	1634	.	1645	1638
1639	693	1649	.	1637	.	1628	.	1633	.	.	.	1649	.	1632	.	1631	.
1641	693	1642	1625	1635	.	.	.	1625	1633	.	.	1641	1626	1649	.	1649	.
1642	693	.	.	1635	1643	.	.	.	.	.	.	.	.	.	.	.	.
1643	693	1648	1639	.	.	.	.	1625	.	.	.	1648	1639	1643	1634	1647	.
1644	693	1649	1638	98	98	98	98	1633	1639	1649	98	1632	98	1643	1632	1645	1649
1645	693	1631	1626	1635	1643	1638	1631	1636	1633	1639	1648	1629	1643	1644	1643	1638	1636
1647	693	1645	1642	1635	.	.	.	1625	1639	.	.	1649	1635	1643	.	1648	1636
1648	693	1649	1641	1643	.	1631	1635	1639	1633	98	1626	1636	1643	1643	1648	1648	1638
1649	693	1627	1634	.	.	.	.	1643	.	.	.	.	.	1643	.	.	.
1650	694	1676	1674	1666	1660	1662	1671	1674	1654	1669	1656	1666	1660	1666	1658	1662	1652
1651	694	.	.	.	.	.	.	.	.	.	.	.	.	.	.	.	.
1652	694	1653	1674	1666	1654	1665	.	1674	1650	1671	1660	1673	.	1664	1678	1672	1662
1653	694	1652	1674	1666	.	1671	1650	1674	1650	1669	1656	1664	1666	1651	1667	.	.
1654	694	1650	1661	1666	1678	1656	1668	1650	1661	1660	1668	1666	1664	1666	1664	1656	1650
1655	694	1650	1676	1666	1660	1665	1656	1650	1652	1657	1678	1666	1660	1664	1666	1662	.
1656	694	1542	.	1666	1542	.	.	.	.	.	.	.	.	1542	1666	1542	.
1657	694	1678	1651	1666	1676	1665	1675	1674	1650	1671	1656	1666	.	1677	1658	.	.
1658	694	1657	1675	1666	.	.	.	1674	1662	.	.	1666	.	1660	.	1663	.
1659	694	1676	1657	1666	1660	1665	1668	1674	1658	1669	1659	1666	1660	1653	1651	1665	1652
1660	694	1659	1676	1658	.	.	.	1650	1674	.	.	1666	1658	.	.	.	.
1661	694	1564	1650	1666	.	1665	1673	1650	1674	1657	1678	1664	1666	1664	.	1662	.
1662	694	1674	1652	1666	1664	1665	.	1674	1657	1673	.	1666	.	1677	1658	1657	.
1663	694	1662	1652	1666	.	1665	.	.	.	.	.	1666	.	.	.	.	.
1664	694	1676	1657	1666	1660	1673	1674	1652	1653	1668	1671	1657	1659	1664	1666	1663	1651
1665	694	1653	1662	1666	1664	1650	1668	1674	.	.	.	1666	.	1666	.	1662	.
1666	694	1650	1659	.	.	1665	1658	1654	1655	1656	1669	1666	1675	1661	1664	1665	1678
1667	694	1668	1657	1666	1650	.	.	1674	1650	1656	1669	1666	1658	.	.	.	.
1668	694	1675	1667	1666	1678	1652	1661	1653	1650	1669	1656	1658	1660	1664	1651	1665	1654
1669	694	.	.	.	.	.	.	.	.	.	.	.	.	.	.	.	.
1671	694	1657	1659	1664	1666	1658	1665	1650	1667	1665	1650	1666	1664	1666	1654	1652	.
1672	694	.	.	.	.	.	.	.	.	.	.	.	.	.	.	.	.
1673	694	1668	1657	1666	1660	1665	1650	1674	1662	.	.	1666	1660	1654	1664	1672	1674
1674	694	1653	1672	1666	.	1665	1671	1658	1662	1656	1669	1666	1664	1664	1666	1665	1671
1675	694	.	.	.	.	.	.	.	.	.	.	.	.	.	.	.	.
1676	694	1659	1662	1666	1664	1672	1658	1674	1650	1673	1665	1666	.	1664	.	1662	1652
1677	694	.	.	.	.	.	.	.	.	.	.	.	.	.	.	.	.
1678	694	.	.	.	.	.	.	.	.	.	.	.	.	.	.	.	.
1679	694	.	.	.	.	.	.	.	.	.	.	.	.	.	.	.	.
916	771	932	927	941	917	916	935	935	.	.	.	941	917	931	.	.	.
917	771	940	927	934	.	927	.	924	.	935	.	935	.	921	.	927	.
918	771	924	940	936	934	935	916	933	937	916	935	937	941	931	917	916	926
919	771	932	927	928	917	918	916	928	927	935	929	929	918	930	931	929	939
920	771	928	919	917	.	916	.	928	932	916	.	917	938	941	931	916	.
921	771	940	936	.	.	925	.	935	.	.	.	.	.	917	.	.	.
922	771	.	.	.	.	.	.	.	.	.	.	.	.	.	.	.	.
923	771	932	.	.	.	.	.	926	.	.	.	935	.	.	.	.	.
924	771	936	940	917	941	916	935	935	929	916	941	935	929	98	917	929	935
925	771	923	926	917	921	937	.	935	916	927	.	939	929	940	941	931	932
926	771	923	922	.	.	.	.	.	.	.	.	925	.	.	.	.	.
927	771	932	923	917	921	925	929	916	940	916	935	935	925	941	931	939	933
928	771	920	919	917	919	916	.	932	927	916	.	938	917	931	941	916	929
929	771	.	.	.	.	.	.	.	.	.	.	.	.	.	.	.	.
930	771	920	928	929	917	916	939	928	932	935	929	929	919	931	940	927	926
931	771	933	924	.	.	.	.	.	.	.	.	.	.	941	.	.	.
932	771	927	923	917	921	925	929	916	.	935	.	935	929	931	.	929	925
933	771	.	.	.	.	.	.	.	.	.	.	.	.	.	.	.	.
934	771	936	940	917	941	916	932	935	929	916	.	935	929	98	917	929	935
935	771	923	.	.	.	.	.	.	.	.	.	.	.	.	.	.	.
936	771	935	926	917	98	941	937	940	941	941	935	937	936	941	98	.	.
937	771	.	.	.	.	.	.	.	.	.	.	.	.	931	934	.	.
938	771	930	920	917	929	932	927	930	920	916	929	929	.	931	940	932	916
939	771	923	926	.	.	.	.	935	.	.	.	925	929	917	.	.	.
940	771	937	918	936	937	933	941	941	931	933	941	937	936	933	931	.	.
941	771	936	98	917	936	98	935	931	98	916	935	935	.	98	934	929	916
953	771	949	952	950	945	953	952	966	957	943	957	947	963	953	952	951	944
942	772	945	967	917	950	945	950	950	917	945	98	917	950	950	917	950	951
943	772	964	946	950	942	.	.	960	965	943	.	950	942	963	950	956	961
944	772	951	948	949	955	943	.	951	964	943	.	943	949	.	.	964	.
945	772	962	964	950	949	965	.	.	.	.	.	.	.	.	.	.	.
946	772	949	955	.	.	.	.	963	949	.	.	.	.	.	.	.	.
947	772	964	965	950	945	952	.	945	.	.	.	949	.	942	950	.	.
948	772	951	949	949	946	961	951	956	942	943	960	949	961	953	945	944	949
949	772	946	955	.	.	946	.	955	.	.	.	.	.	953	.	944	.
950	772	943	949	.	.	961	.	960	.	943	.	.	.	.	.	.	.
951	772	961	956	950	945	.	.	.	.	943	.	.	.	.	.	.	.
952	772	953	943	953	98	98	966	953	966	98	943	953	957	953	943	957	953
954	772	947	960	945	963	959	965	964	956	943	952	950	961	944	949	98	958
955	772	964	961	950	942	943	.	962	.	.	.	950	942	945	963	944	951
956	772	948	951	.	.	948	.	951	948	961	.	961	.	961	.	.	.
957	772	.	.	.	.	.	.	.	.	.	.	.	.	.	.	.	.
958	772	961	957	950	.	943	.	.	.	943	.	950	.	950	953	.	.
959	772	955	946	958	950	943	952	956	951	943	919	943	958	953	947	944	951
960	772	957	.	952	.	.	.	943	.	.	.	950	.	.	.	953	.
961	772	964	965	950	942	954	960	966	963	943	960	947	950	963	942	943	948
962	772	964	958	950	959	954	943	951	961	943	960	950	947	953	952	954	965
963	772	945	962	950	945	965	953	946	954	943	966	947	949	945	950	965	954
964	772	962	965	950	949	965	954	.	.	.	.	950	.	945	.	965	.
965	772	960	.	950	.	954	.	.	.	.	.	959	947	.	.	.	.
966	772	964	.	959	.	965	.	.	.	.	.	.	.	.	.	.	.
967	773	976	982	.	.	.	.	987	991	.	.	.	.	.	.	.	.
968	773	979	989	.	.	.	.	.	.	.	.	.	.	.	.	.	.
969	773	975	991	.	.	.	.	973	975	.	.	.	.	967	.	.	.
970	773	981	980	.	.	.	.	979	981	.	.	982	.	988	967	974	970
971	773	989	969	.	.	.	.	.	.	.	.	.	.	.	.	.	.
972	773	980	984	.	.	.	.	981	980	.	.	989	.	.	.	.	.
973	773	969	967	.	.	.	.	969	967	.	.	.	.	967	.	.	.
974	773	.	.	.	.	.	.	.	.	.	.	.	.	.	.	.	.
975	773	991	987	973	967	978	972	980	987	.	.	.	.	971	.	.	.
976	773	977	984	.	.	.	.	977	.	.	.	.	.	967	973	.	.
977	773	984	980	.	.	988	983	987	985	.	.	.	.	.	.	988	968
978	773	980	.	.	.	981	.	980	981	.	.	.	.	.	.	.	.
979	773	989	968	.	.	.	.	980	.	.	.	.	.	.	.	.	.
980	773	984	972	.	.	984	989	984	.	.	.	989	.	972	984	972	989
981	773	978	990	.	.	979	.	982	.	.	.	.	.	967	973	.	.
982	773	980	984	.	.	986	.	980	.	986	.	970	.	967	.	.	.
983	773	990	986	.	.	.	.	.	.	.	.	988	.	.	.	.	.
984	773	977	980	.	.	.	.	980	.	.	.	.	.	.	.	972	.
985	773	987	980	.	.	972	983	984	987	983	988	988	978	.	.	988	983
986	773	978	982	.	.	.	.	.	.	.	.	988	.	.	.	.	.
987	773	985	980	.	.	972	984	980	.	972	989	.	.	985	967	988	983
988	773	974	.	.	.	.	.	.	.	.	.	.	.	.	.	.	.
989	773	980	984	.	.	979	983	980	991	.	.	.	.	972	.	972	.
990	773	991	983	.	.	.	.	981	.	.	.	988	.	967	.	.	.
991	773	990	974	.	.	.	.	981	974	.	.	988	.	967	.	.	.
992	781	1001	1003	1010	992	.	.	1001	998	997	.	1010	.	1010	992	.	.
993	781	.	.	.	.	.	.	.	.	.	.	.	.	.	.	.	.
994	781	.	.	.	.	.	.	.	.	.	.	.	.	.	.	.	.
995	781	1001	1004	1010	.	.	.	.	.	997	.	1009	.	1007	.	1003	.
996	781	1001	1006	1010	992	997	992	1001	1009	997	.	1010	1002	1007	1010	1000	.
997	781	1001	1008	.	.	.	.	1000	1001	997	.	1002	.	1010	1004	.	.
998	781	1001	998	1010	992	997	1008	998	995	997	1000	1000	999	1007	1005	1002	1008
999	781	.	.	.	.	.	.	.	.	.	.	.	.	.	.	.	.
1000	781	997	1006	1010	992	.	.	1001	995	.	.	992	1010	1007	1010	1000	997
1001	781	995	999	1010	992	997	1000	1006	1009	997	.	998	1009	996	992	1000	997
1002	781	1001	1006	1010	1007	.	.	1001	997	997	1000	.	.	1007	.	996	.
1003	781	1001	997	1010	.	996	.	.	.	.	.	998	.	1004	.	.	.
1004	781	1001	.	.	.	.	.	1001	.	.	.	.	.	.	.	.	.
1005	781	1009	1006	1010	.	997	.	1007	.	1009	.	998	.	1007	.	1004	.
1006	781	999	1001	992	1010	997	992	1008	999	997	.	998	992	1007	992	992	.
1007	781	.	.	.	.	.	.	.	.	.	.	.	.	.	.	.	.
1008	781	1001	1009	1010	.	.	.	1000	.	.	.	1002	.	1007	.	.	.
1009	781	1001	1006	1010	992	992	.	1001	1007	997	.	1010	992	1007	996	992	996
1010	781	996	1010	1010	992	.	.	.	.	997	.	1009	.	992	1007	996	.
1011	782	1031	1019	1011	1027	1014	.	1022	.	.	.	.	.	.	.	.	.
1012	782	.	.	1011	1027	1025	1022	1031	1023	.	.	.	.	1016	.	.	.
1013	782	1019	1021	1016	.	1030	.	1019	.	.	.	1011	.	1016	.	.	.
1014	782	1015	1031	1016	1019	1029	1025	1032	1021	1025	1022	1016	1011	1031	1016	1032	1018
1015	782	1014	.	1016	1019	1032	1018	1013	1023	1024	1022	1016	1019	1016	1031	1029	1032
1016	782	1017	1030	1026	1027	1021	1023	1021	.	1021	.	1021	.	1021	.	1021	.
1017	782	1014	1030	1011	1016	1029	1024	1017	1020	994	.	1011	1027	1016	.	1024	1018
1018	782	1032	.	.	.	.	.	1032	.	.	.	.	.	.	.	.	.
1019	782	.	.	.	.	.	.	.	.	.	.	.	.	.	.	.	.
1020	782	1031	1013	.	.	.	.	1023	1013	.	.	.	.	1031	1019	1014	1032
1021	782	.	.	.	.	.	.	.	.	.	.	.	.	.	.	.	.
1022	782	.	.	.	.	.	.	.	.	.	.	.	.	.	.	.	.
1023	782	.	.	1016	.	1030	1025	.	.	.	.	1016	1021	1017	1016	1032	1018
1024	782	1029	1018	1011	1016	1032	1018	1029	1025	1025	994	1016	1012	1014	1015	.	.
1025	782	1029	1014	1019	1011	1025	1023	1015	1014	1025	1022	1017	1016	1026	1011	1018	1032
1026	782	1012	1031	1011	1016	1023	1030	1013	1023	1025	1019	1016	1011	1031	1016	1015	1032
1027	782	1030	1014	1011	1026	.	.	1026	1030	.	.	1126	1011	1014	1030	.	.
1029	782	1024	1030	1011	1016	1032	1015	1020	1025	1022	1025	1016	1011	1026	1027	1029	1022
1030	782	1019	1013	1016	1027	1025	.	1023	.	1023	.	1016	.	1027	.	1025	.
1031	782	1030	1014	.	.	.	.	.	.	.	.	1016	.	1016	1019	1018	1032
1032	782	1018	.	.	.	.	.	1018	.	.	.	.	.	.	.	.	.
1033	783	1042	1037	1034	1053	1050	1033	1042	1052	1050	1037	1042	1053	.	.	.	.
1034	783	1053	.	1034	.	.	.	.	.	.	.	1034	.	1053	.	1053	1034
1035	783	.	.	.	.	.	.	.	.	.	.	.	.	.	.	.	.
1036	783	.	.	.	.	.	.	.	.	.	.	.	.	.	.	.	.
1037	783	1033	1042	.	.	.	.	1042	.	1042	.	.	.	1041	1053	.	.
1038	783	1049	1043	.	.	1033	1042	1042	1039	1042	.	1036	.	1041	.	1035	1039
1039	783	1035	1044	1043	1048	.	.	1044	1035	.	.	1048	.	1044	1049	1048	.
1040	783	1051	1041	993	.	.	.	1051	1041	.	.	.	.	1041	1053	.	.
1041	783	1044	1038	1034	.	.	.	1039	1042	.	.	.	.	.	.	.	.
1043	783	1049	1046	.	.	.	.	1039	1042	.	.	.	.	1041	.	.	.
1044	783	1039	1043	.	.	.	.	.	.	.	.	.	.	.	.	.	.
1045	783	1033	1046	.	.	1033	1042	1042	1039	.	.	.	.	1045	.	1037	1033
1046	783	1044	1047	1034	.	1033	1050	1039	1045	1040	1051	.	.	1049	1035	1037	1048
1047	783	1046	1049	.	.	1033	1042	1052	1042	1042	1037	1053	.	1034	.	.	.
1048	783	1049	1035	.	.	.	.	.	.	.	.	.	.	.	.	.	.
1049	783	1039	1035	1053	1041	1051	1040	1035	1039	1051	1040	1034	1053	1041	1036	1051	1040
1050	783	1042	1033	.	.	1033	.	1042	1033	1042	.	1037	.	.	.	1033	1037
1051	783	1041	1047	993	.	1051	.	1039	1042	993	.	1036	.	1041	1034	1051	.
1052	783	1042	1049	1034	1045	1040	1051	1042	1038	.	.	1045	.	1053	1041	1043	1050
1053	783	1034	1041	.	.	.	.	1034	993	.	.	.	.	.	.	.	.
1054	791	1077	.	.	.	1082	.	.	.	.	.	.	.	.	.	.	.
1055	791	1079	1076	1067	.	1084	1082	1079	1069	1082	.	1067	.	.	.	.	.
1056	791	1060	1077	.	.	.	.	.	.	.	.	.	.	.	.	.	.
1057	791	1065	1076	1067	1056	1080	1081	1069	1065	1082	.	1058	.	1067	.	1081	.
1058	791	.	.	.	.	.	.	.	.	.	.	.	.	.	.	.	.
1059	791	1079	1074	1075	.	1084	.	1080	1069	1082	.	1075	.	.	.	1081	1072
1060	791	1079	1077	1067	.	1082	.	1079	1077	1082	.	1067	98	1071	1067	.	.
1061	791	1080	1069	.	.	1082	.	1080	1069	1082	.	.	.	1067	.	1072	1081
1062	791	1079	.	1067	.	1082	.	1079	.	1082	.	.	.	1067	1071	1082	.
1063	791	1076	1055	1075	1067	1060	1081	1069	1079	1082	.	1058	1078	1067	1071	1072	1081
1064	791	.	.	.	.	.	.	.	.	.	.	.	.	.	.	.	.
1065	791	1057	1058	1067	1064	1081	1080	1057	1074	1082	.	1058	1066	1066	.	1081	1072
1067	791	.	.	.	.	.	.	.	.	.	.	.	.	.	.	.	.
1068	791	1079	1055	1067	.	1084	1082	1079	.	1082	.	1066	1080	1067	1057	1072	1081
1069	791	1079	.	1075	1067	.	.	.	.	1082	.	1075	.	1075	.	1081	1084
1070	791	1071	1077	.	.	.	.	.	.	1082	.	.	.	.	.	.	.
1071	791	1055	1079	1067	1056	1084	1082	1079	.	1082	.	1076	.	1071	1067	.	.
1072	791	1074	1080	.	.	1082	.	1080	1069	1082	.	.	.	1067	.	1081	1082
1073	791	1074	1078	1067	98	1081	1072	1069	1080	1082	.	1066	.	1067	.	1081	1072
1074	791	1069	1081	.	.	1082	1084	1080	1079	1082	.	1072	.	1067	1071	1072	1084
1076	791	1079	1078	1058	1067	1084	1082	1079	1069	1082	.	1058	1066	1067	1071	1060	1084
1077	791	.	.	.	.	.	.	.	.	.	.	.	.	.	.	.	.
1078	791	1076	1063	.	.	1081	1072	1069	1063	1082	.	.	.	1067	1071	1072	1081
1079	791	1055	1063	.	.	1082	.	1069	1065	1082	.	1058	.	1067	.	1072	.
1080	791	1079	1063	.	.	1082	.	.	.	1082	.	.	.	1067	1078	1072	1081
1081	791	1080	1074	1058	1067	1082	1060	1080	1069	1082	.	.	.	1067	1058	1072	1080
1082	791	1084	1060	.	.	1082	.	.	.	1082	.	1060	.	.	.	.	.
1083	791	1078	1079	.	.	1082	1084	1069	1079	1082	.	1066	.	1067	.	1084	1081
1084	791	1082	1060	1056	1067	.	.	.	.	.	.	1060	1070	1067	.	.	.
1085	792	1093	1087	.	.	1091	.	1086	.	.	.	1099	1097	1090	1098	.	.
1086	792	1104	1101	.	.	1091	.	1099	1087	.	.	1089	.	1090	.	.	.
1087	792	1113	1114	1090	1098	1091	1085	1104	1085	1091	1115	1090	1089	1098	1089	1093	1091
1089	792	1106	1102	1098	1089	.	.	1097	1092	1091	.	1098	.	1089	.	1111	.
1090	792	1102	1085	98	1086	1102	1097	1107	98	1085	1103	1098	98	1098	98	1102	1097
1091	792	.	.	.	.	.	.	.	.	.	.	.	.	.	.	.	.
1092	792	1096	1106	1098	1094	1111	1113	1092	1096	1115	1113	1098	1099	1098	1090	1093	1095
1093	792	1104	1113	.	.	.	.	.	.	.	.	.	.	1098	.	.	.
1095	792	1096	.	1090	1088	.	.	1105	.	1091	.	1114	.	1105	.	.	.
1096	792	1093	1104	1098	1094	1111	1113	1096	1092	1115	1113	1098	1099	1098	1090	1093	1106
1097	792	1102	1101	1098	1089	1091	.	1099	1097	1085	1091	.	.	1098	1089	.	.
1098	792	1089	1088	1089	1088	1115	1107	1101	.	1091	.	1106	1089	1089	1090	.	.
1099	792	1107	1103	1098	.	.	.	1107	1097	1091	.	1089	1098	1103	.	1111	1106
1100	792	1105	1104	1089	1090	1095	1110	1104	1093	.	.	.	.	1098	.	1091	.
1101	792	1102	.	1098	1090	1091	1113	1097	1086	1089	1090	.	.	1098	1089	1093	1113
1102	792	1101	1087	98	1098	1112	1107	1097	98	1085	1115	98	1098	98	1098	1090	1085
1103	792	.	.	.	.	.	.	.	.	.	.	.	.	.	.	.	.
1104	792	1087	1101	1098	1089	1091	1112	1087	1093	1111	.	.	.	1098	.	1093	1095
1105	792	1091	1085	1114	1087	1094	1107	1109	1106	1115	.	1114	.	1098	.	.	.
1106	792	1085	1093	1090	.	1091	.	1085	1099	1091	1115	1089	1090	1098	1089	1091	.
1107	792	1115	1085	98	1098	1091	1103	1085	98	1091	1095	98	1098	1098	98	1113	1100
1108	792	1095	1105	1089	1098	1085	.	1104	1086	1091	1085	1098	1089	1089	1098	1085	.
1109	792	1096	.	.	.	.	.	.	.	1091	.	1106	.	1098	.	1095	.
1111	792	1093	1086	1098	1089	.	.	.	.	.	.	1089	1098	1089	1098	1100	1105
1112	792	1107	1085	1090	98	1091	.	1107	1085	1091	.	1098	.	.	.	.	.
1113	792	1085	.	1098	.	1085	.	1092	.	.	.	1094	1098	1098	.	1111	.
1114	792	1113	1087	1108	1095	1113	1106	1104	1099	1115	1085	1108	1093	1098	1089	1093	1100
1115	792	1102	1086	1098	1090	.	.	1104	1102	.	.	1099	1098	1103	1098	1113	1111
1116	793	1139	1126	1130	1137	1119	1120	1131	1127	1139	1116	1131	1143	1137	1130	1119	1120
1117	793	1127	1126	1130	1116	1119	1120	1134	1127	1119	.	1130	1116	1123	1122	1119	1120
1118	793	1126	1141	1132	1130	1119	1136	1132	1140	1131	1137	1140	1132	1130	1121	1119	1128
1119	793	1134	1128	.	.	.	.	.	.	.	.	.	.	1139	1116	.	.
1120	793	1123	1134	1137	1130	1119	1144	1134	1123	1119	.	.	.	1130	.	1119	.
1121	793	1141	1140	1137	1130	1119	.	1140	1142	1119	.	1135	1137	1130	1140	1119	1120
1122	793	.	.	.	.	1119	.	.	.	1119	.	1131	.	1116	1139	1119	.
1123	793	1117	1120	1116	1139	1119	.	1134	1117	.	.	1135	.	1123	.	1119	1120
1124	793	1129	1144	.	.	1119	.	1131	1127	1119	.	1131	.	1122	1136	1119	1125
1125	793	1138	1124	1132	1130	1119	.	1122	1117	1136	1119	1131	1132	1130	1132	1119	1136
1126	793	1140	1127	1137	1139	1119	1120	1127	1131	1119	1136	1116	1142	1137	1193	1119	1138
1127	793	1129	1117	1130	1116	1119	1120	1134	1117	1119	1131	1137	1131	1130	1123	1119	1120
1128	793	1117	1133	1137	.	1119	1136	1134	1117	1137	1119	1135	1143	1137	1130	1119	1136
1129	793	1138	.	.	.	.	.	1124	.	1136	.	1131	.	1122	.	.	.
1130	793	.	.	1132	.	.	.	.	.	.	.	1132	1121	.	.	1119	.
1131	793	1129	1138	.	.	1119	.	1136	1129	1119	.	1131	.	1123	.	1119	.
1132	793	1118	1125	1131	1137	1119	.	1140	.	.	.	1125	.	.	.	1118	.
1133	793	.	.	.	.	.	.	.	.	.	.	.	.	.	.	.	.
1134	793	1117	1128	1137	1116	1119	1120	1131	1117	1119	1131	1131	1116	1130	1118	1119	1138
1135	793	1117	1123	1130	1118	1119	1136	1134	1117	1119	.	1131	1137	1123	.	1119	1136
1136	793	1129	1122	1132	1116	1119	.	1138	1144	.	.	1131	.	.	.	.	.
1137	793	1134	1128	1143	.	1119	.	1134	1117	.	.	1143	.	1139	1116	1119	1120
1138	793	1129	1122	.	.	.	.	1122	.	.	.	.	.	.	.	.	.
1139	793	1116	1127	1137	1130	1119	1120	1131	1126	1116	1139	1135	1131	1130	1116	1119	1120
1140	793	1127	1132	1137	1130	1119	1120	1131	1134	1119	1136	1137	1131	1137	.	1119	1120
1141	793	1121	1127	1130	1140	1119	1120	1140	1118	1119	1134	1140	1142	1140	1130	1119	1135
1142	793	1126	1121	1137	1131	1119	1136	1134	1127	1119	1131	1131	1139	1130	1116	1136	1119
1143	793	1117	1128	1142	1137	1119	.	1134	1123	1119	.	1142	1139	1137	1127	1119	1120
1144	793	1124	1129	1138	.	1125	.	1122	.	1136	.	1138	.	1136	.	1125	.
